Region,Population,Year,Age,Generation,65 and over
Tararua district,1190,2023,0-4 Years,Other,False
Palmerston North city,5600,2023,0-4 Years,Other,False
Manawatu district,2060,2023,0-4 Years,Other,False
Rangitikei district,1040,2023,0-4 Years,Other,False
Whanganui district,2810,2023,0-4 Years,Other,False
Ruapehu district,850,2023,0-4 Years,Other,False
South Taranaki district,1920,2023,0-4 Years,Other,False
Stratford district,700,2023,0-4 Years,Other,False
New Plymouth district,5220,2023,0-4 Years,Other,False
Central Hawke's Bay district,950,2023,0-4 Years,Other,False
Napier city,3830,2023,0-4 Years,Other,False
Hastings district,5530,2023,0-4 Years,Other,False
Wairoa district,660,2023,0-4 Years,Other,False
Gisborne district,3630,2023,0-4 Years,Other,False
Horowhenua district,2160,2023,0-4 Years,Other,False
Opotiki district,760,2023,0-4 Years,Other,False
Whakatane district,2580,2023,0-4 Years,Other,False
Rotorua district,5350,2023,0-4 Years,Other,False
Tauranga city,9740,2023,0-4 Years,Other,False
Western Bay of Plenty district,3240,2023,0-4 Years,Other,False
Taupo district,2410,2023,0-4 Years,Other,False
Waitomo district,660,2023,0-4 Years,Other,False
South Waikato district,1840,2023,0-4 Years,Other,False
Otorohanga district,680,2023,0-4 Years,Other,False
Waipa district,3700,2023,0-4 Years,Other,False
Hamilton city,12760,2023,0-4 Years,Other,False
Matamata-Piako district,2370,2023,0-4 Years,Other,False
Waikato district,5940,2023,0-4 Years,Other,False
Hauraki district,1180,2023,0-4 Years,Other,False
Thames-Coromandel district,1310,2023,0-4 Years,Other,False
Kawerau district,520,2023,0-4 Years,Other,False
Franklin local board area,5080,2023,0-4 Years,Other,False
Kapiti Coast district,2690,2023,0-4 Years,Other,False
Upper Hutt city,3030,2023,0-4 Years,Other,False
Area outside territorial authority,0,2023,0-4 Years,Other,False
Invercargill city,3120,2023,0-4 Years,Other,False
Gore district,670,2023,0-4 Years,Other,False
Southland district,1870,2023,0-4 Years,Other,False
Clutha district,1140,2023,0-4 Years,Other,False
Dunedin city,5850,2023,0-4 Years,Other,False
Queenstown-Lakes district,2590,2023,0-4 Years,Other,False
Central Otago district,1300,2023,0-4 Years,Other,False
Waitaki district,1090,2023,0-4 Years,Other,False
Chatham Islands territory,40,2023,0-4 Years,Other,False
Waimate district,420,2023,0-4 Years,Other,False
Mackenzie district,310,2023,0-4 Years,Other,False
Timaru district,2460,2023,0-4 Years,Other,False
Ashburton district,2150,2023,0-4 Years,Other,False
Porirua city,4210,2023,0-4 Years,Other,False
Selwyn district,5260,2023,0-4 Years,Other,False
Waimakariri district,3640,2023,0-4 Years,Other,False
Hurunui district,730,2023,0-4 Years,Other,False
Westland district,380,2023,0-4 Years,Other,False
Grey district,790,2023,0-4 Years,Other,False
Buller district,430,2023,0-4 Years,Other,False
Kaikoura district,220,2023,0-4 Years,Other,False
Marlborough district,2540,2023,0-4 Years,Other,False
Nelson city,2610,2023,0-4 Years,Other,False
Tasman district,2600,2023,0-4 Years,Other,False
South Wairarapa district,600,2023,0-4 Years,Other,False
Carterton district,560,2023,0-4 Years,Other,False
Masterton district,1660,2023,0-4 Years,Other,False
Wellington city,8790,2023,0-4 Years,Other,False
Lower Hutt city,7040,2023,0-4 Years,Other,False
Christchurch city,21500,2023,0-4 Years,Other,False
Papakura local board area,6890,2023,0-4 Years,Other,False
Otara-Papatoetoe local board area,7600,2023,0-4 Years,Other,False
Manurewa local board area,8860,2023,0-4 Years,Other,False
Mangere-Otahuhu local board area,6600,2023,0-4 Years,Other,False
Howick local board area,8110,2023,0-4 Years,Other,False
Maungakiekie-Tamaki local board area,5440,2023,0-4 Years,Other,False
Orakei local board area,3530,2023,0-4 Years,Other,False
Puketapapa local board area,3250,2023,0-4 Years,Other,False
Albert-Eden local board area,4330,2023,0-4 Years,Other,False
Whau local board area,5300,2023,0-4 Years,Other,False
Waitemata local board area,2570,2023,0-4 Years,Other,False
Waiheke local board area,340,2023,0-4 Years,Other,False
Aotea/Great Barrier local board area,50,2023,0-4 Years,Other,False
Waitakere Ranges local board area,3450,2023,0-4 Years,Other,False
Henderson-Massey local board area,9350,2023,0-4 Years,Other,False
Devonport-Takapuna local board area,2560,2023,0-4 Years,Other,False
Kaipatiki local board area,5650,2023,0-4 Years,Other,False
Upper Harbour local board area,4450,2023,0-4 Years,Other,False
Rodney local board area,4900,2023,0-4 Years,Other,False
Auckland,104260,2023,0-4 Years,Other,False
Kaipara district,1600,2023,0-4 Years,Other,False
Whangarei district,6040,2023,0-4 Years,Other,False
Far North district,4490,2023,0-4 Years,Other,False
"Total, New Zealand",301870,2023,0-4 Years,Other,False
Hibiscus and Bays local board area,5950,2023,0-4 Years,Other,False
Area outside territorial authority,0,2023,5-9 Years,Other,False
Tararua district,1280,2023,5-9 Years,Other,False
Palmerston North city,6000,2023,5-9 Years,Other,False
Manawatu district,2300,2023,5-9 Years,Other,False
Rangitikei district,1050,2023,5-9 Years,Other,False
Whanganui district,3000,2023,5-9 Years,Other,False
Ruapehu district,890,2023,5-9 Years,Other,False
South Taranaki district,2090,2023,5-9 Years,Other,False
Stratford district,690,2023,5-9 Years,Other,False
New Plymouth district,5860,2023,5-9 Years,Other,False
Central Hawke's Bay district,1160,2023,5-9 Years,Other,False
Napier city,4200,2023,5-9 Years,Other,False
Hastings district,6050,2023,5-9 Years,Other,False
Wairoa district,690,2023,5-9 Years,Other,False
Gisborne district,3870,2023,5-9 Years,Other,False
Horowhenua district,2190,2023,5-9 Years,Other,False
Opotiki district,800,2023,5-9 Years,Other,False
Whakatane district,2790,2023,5-9 Years,Other,False
Rotorua district,5380,2023,5-9 Years,Other,False
Tauranga city,10490,2023,5-9 Years,Other,False
Western Bay of Plenty district,3380,2023,5-9 Years,Other,False
Taupo district,2720,2023,5-9 Years,Other,False
Waitomo district,660,2023,5-9 Years,Other,False
South Waikato district,1970,2023,5-9 Years,Other,False
Otorohanga district,760,2023,5-9 Years,Other,False
Waipa district,4040,2023,5-9 Years,Other,False
Hamilton city,12470,2023,5-9 Years,Other,False
Matamata-Piako district,2380,2023,5-9 Years,Other,False
Waikato district,6830,2023,5-9 Years,Other,False
Hauraki district,1390,2023,5-9 Years,Other,False
Thames-Coromandel district,1570,2023,5-9 Years,Other,False
Kawerau district,630,2023,5-9 Years,Other,False
Franklin local board area,5880,2023,5-9 Years,Other,False
Kapiti Coast district,3120,2023,5-9 Years,Other,False
Upper Hutt city,3050,2023,5-9 Years,Other,False
Invercargill city,3550,2023,5-9 Years,Other,False
Gore district,730,2023,5-9 Years,Other,False
Southland district,2220,2023,5-9 Years,Other,False
Clutha district,1130,2023,5-9 Years,Other,False
Dunedin city,6580,2023,5-9 Years,Other,False
Queenstown-Lakes district,2530,2023,5-9 Years,Other,False
Central Otago district,1350,2023,5-9 Years,Other,False
Waitaki district,1400,2023,5-9 Years,Other,False
Chatham Islands territory,30,2023,5-9 Years,Other,False
Waimate district,460,2023,5-9 Years,Other,False
Mackenzie district,280,2023,5-9 Years,Other,False
Timaru district,2860,2023,5-9 Years,Other,False
Ashburton district,2380,2023,5-9 Years,Other,False
Porirua city,4610,2023,5-9 Years,Other,False
Selwyn district,5810,2023,5-9 Years,Other,False
Waimakariri district,4070,2023,5-9 Years,Other,False
Hurunui district,850,2023,5-9 Years,Other,False
Westland district,500,2023,5-9 Years,Other,False
Grey district,830,2023,5-9 Years,Other,False
Buller district,440,2023,5-9 Years,Other,False
Kaikoura district,220,2023,5-9 Years,Other,False
Marlborough district,2820,2023,5-9 Years,Other,False
Nelson city,2960,2023,5-9 Years,Other,False
Tasman district,3090,2023,5-9 Years,Other,False
South Wairarapa district,660,2023,5-9 Years,Other,False
Carterton district,550,2023,5-9 Years,Other,False
Masterton district,1790,2023,5-9 Years,Other,False
Wellington city,9590,2023,5-9 Years,Other,False
Lower Hutt city,7280,2023,5-9 Years,Other,False
Christchurch city,20840,2023,5-9 Years,Other,False
Papakura local board area,6160,2023,5-9 Years,Other,False
Otara-Papatoetoe local board area,7710,2023,5-9 Years,Other,False
Manurewa local board area,9100,2023,5-9 Years,Other,False
Mangere-Otahuhu local board area,7250,2023,5-9 Years,Other,False
Howick local board area,10140,2023,5-9 Years,Other,False
Maungakiekie-Tamaki local board area,5050,2023,5-9 Years,Other,False
Orakei local board area,4870,2023,5-9 Years,Other,False
Puketapapa local board area,3400,2023,5-9 Years,Other,False
Albert-Eden local board area,4840,2023,5-9 Years,Other,False
Whau local board area,5060,2023,5-9 Years,Other,False
Waitemata local board area,2310,2023,5-9 Years,Other,False
Waiheke local board area,410,2023,5-9 Years,Other,False
Aotea/Great Barrier local board area,55,2023,5-9 Years,Other,False
Waitakere Ranges local board area,3640,2023,5-9 Years,Other,False
Henderson-Massey local board area,9550,2023,5-9 Years,Other,False
Devonport-Takapuna local board area,3180,2023,5-9 Years,Other,False
Kaipatiki local board area,5310,2023,5-9 Years,Other,False
Upper Harbour local board area,4750,2023,5-9 Years,Other,False
Rodney local board area,5440,2023,5-9 Years,Other,False
Auckland,111550,2023,5-9 Years,Other,False
Kaipara district,1800,2023,5-9 Years,Other,False
Whangarei district,6690,2023,5-9 Years,Other,False
Far North district,5070,2023,5-9 Years,Other,False
"Total, New Zealand",323280,2023,5-9 Years,Other,False
Hibiscus and Bays local board area,7460,2023,5-9 Years,Other,False
Area outside territorial authority,0,2023,10-14 Years,Other,False
Tararua district,1310,2023,10-14 Years,Other,False
Palmerston North city,6000,2023,10-14 Years,Other,False
Manawatu district,2440,2023,10-14 Years,Other,False
Rangitikei district,1080,2023,10-14 Years,Other,False
Whanganui district,3420,2023,10-14 Years,Other,False
Ruapehu district,950,2023,10-14 Years,Other,False
South Taranaki district,2260,2023,10-14 Years,Other,False
Stratford district,770,2023,10-14 Years,Other,False
New Plymouth district,6210,2023,10-14 Years,Other,False
Central Hawke's Bay district,1130,2023,10-14 Years,Other,False
Napier city,4470,2023,10-14 Years,Other,False
Hastings district,6810,2023,10-14 Years,Other,False
Wairoa district,740,2023,10-14 Years,Other,False
Gisborne district,4060,2023,10-14 Years,Other,False
Horowhenua district,2430,2023,10-14 Years,Other,False
Opotiki district,730,2023,10-14 Years,Other,False
Whakatane district,2910,2023,10-14 Years,Other,False
Rotorua district,6020,2023,10-14 Years,Other,False
Tauranga city,10830,2023,10-14 Years,Other,False
Western Bay of Plenty district,3790,2023,10-14 Years,Other,False
Taupo district,2690,2023,10-14 Years,Other,False
Waitomo district,680,2023,10-14 Years,Other,False
South Waikato district,1980,2023,10-14 Years,Other,False
Otorohanga district,810,2023,10-14 Years,Other,False
Waipa district,4370,2023,10-14 Years,Other,False
Hamilton city,12880,2023,10-14 Years,Other,False
Matamata-Piako district,2420,2023,10-14 Years,Other,False
Waikato district,7140,2023,10-14 Years,Other,False
Hauraki district,1450,2023,10-14 Years,Other,False
Thames-Coromandel district,1710,2023,10-14 Years,Other,False
Kawerau district,560,2023,10-14 Years,Other,False
Franklin local board area,6090,2023,10-14 Years,Other,False
Kapiti Coast district,3490,2023,10-14 Years,Other,False
Upper Hutt city,3210,2023,10-14 Years,Other,False
Invercargill city,3920,2023,10-14 Years,Other,False
Gore district,850,2023,10-14 Years,Other,False
Southland district,2300,2023,10-14 Years,Other,False
Clutha district,1150,2023,10-14 Years,Other,False
Dunedin city,7450,2023,10-14 Years,Other,False
Queenstown-Lakes district,2690,2023,10-14 Years,Other,False
Central Otago district,1400,2023,10-14 Years,Other,False
Waitaki district,1550,2023,10-14 Years,Other,False
Chatham Islands territory,45,2023,10-14 Years,Other,False
Waimate district,460,2023,10-14 Years,Other,False
Mackenzie district,280,2023,10-14 Years,Other,False
Timaru district,3110,2023,10-14 Years,Other,False
Ashburton district,2430,2023,10-14 Years,Other,False
Porirua city,4820,2023,10-14 Years,Other,False
Selwyn district,5870,2023,10-14 Years,Other,False
Waimakariri district,4380,2023,10-14 Years,Other,False
Hurunui district,890,2023,10-14 Years,Other,False
Westland district,450,2023,10-14 Years,Other,False
Grey district,990,2023,10-14 Years,Other,False
Buller district,490,2023,10-14 Years,Other,False
Kaikoura district,240,2023,10-14 Years,Other,False
Marlborough district,3000,2023,10-14 Years,Other,False
Nelson city,3430,2023,10-14 Years,Other,False
Tasman district,3660,2023,10-14 Years,Other,False
South Wairarapa district,700,2023,10-14 Years,Other,False
Carterton district,690,2023,10-14 Years,Other,False
Masterton district,1820,2023,10-14 Years,Other,False
Wellington city,11420,2023,10-14 Years,Other,False
Lower Hutt city,7450,2023,10-14 Years,Other,False
Christchurch city,22420,2023,10-14 Years,Other,False
Papakura local board area,5360,2023,10-14 Years,Other,False
Otara-Papatoetoe local board area,7680,2023,10-14 Years,Other,False
Manurewa local board area,9300,2023,10-14 Years,Other,False
Mangere-Otahuhu local board area,7830,2023,10-14 Years,Other,False
Howick local board area,11040,2023,10-14 Years,Other,False
Maungakiekie-Tamaki local board area,4980,2023,10-14 Years,Other,False
Orakei local board area,5700,2023,10-14 Years,Other,False
Puketapapa local board area,3550,2023,10-14 Years,Other,False
Albert-Eden local board area,5990,2023,10-14 Years,Other,False
Whau local board area,5350,2023,10-14 Years,Other,False
Waitemata local board area,2550,2023,10-14 Years,Other,False
Waiheke local board area,440,2023,10-14 Years,Other,False
Aotea/Great Barrier local board area,50,2023,10-14 Years,Other,False
Waitakere Ranges local board area,4020,2023,10-14 Years,Other,False
Henderson-Massey local board area,9280,2023,10-14 Years,Other,False
Devonport-Takapuna local board area,3990,2023,10-14 Years,Other,False
Kaipatiki local board area,5400,2023,10-14 Years,Other,False
Upper Harbour local board area,4610,2023,10-14 Years,Other,False
Rodney local board area,5190,2023,10-14 Years,Other,False
Auckland,116650,2023,10-14 Years,Other,False
Kaipara district,1670,2023,10-14 Years,Other,False
Whangarei district,7220,2023,10-14 Years,Other,False
Far North district,5480,2023,10-14 Years,Other,False
"Total, New Zealand",343130,2023,10-14 Years,Other,False
Hibiscus and Bays local board area,8250,2023,10-14 Years,Other,False
Howick local board area,10120,2023,15-19 Years,Gen Z,False
Palmerston North city,6670,2023,15-19 Years,Gen Z,False
Manawatu district,2010,2023,15-19 Years,Gen Z,False
Rangitikei district,1060,2023,15-19 Years,Gen Z,False
Whanganui district,2860,2023,15-19 Years,Gen Z,False
Ruapehu district,710,2023,15-19 Years,Gen Z,False
South Taranaki district,1870,2023,15-19 Years,Gen Z,False
Stratford district,580,2023,15-19 Years,Gen Z,False
New Plymouth district,5580,2023,15-19 Years,Gen Z,False
Central Hawke's Bay district,920,2023,15-19 Years,Gen Z,False
Napier city,4020,2023,15-19 Years,Gen Z,False
Hastings district,5880,2023,15-19 Years,Gen Z,False
Wairoa district,580,2023,15-19 Years,Gen Z,False
Gisborne district,3490,2023,15-19 Years,Gen Z,False
Opotiki district,640,2023,15-19 Years,Gen Z,False
Tararua district,1220,2023,15-19 Years,Gen Z,False
Kawerau district,530,2023,15-19 Years,Gen Z,False
Rotorua district,5140,2023,15-19 Years,Gen Z,False
Tauranga city,9490,2023,15-19 Years,Gen Z,False
Western Bay of Plenty district,3310,2023,15-19 Years,Gen Z,False
Taupo district,2430,2023,15-19 Years,Gen Z,False
Waitomo district,580,2023,15-19 Years,Gen Z,False
South Waikato district,1610,2023,15-19 Years,Gen Z,False
Otorohanga district,700,2023,15-19 Years,Gen Z,False
Waipa district,3840,2023,15-19 Years,Gen Z,False
Hamilton city,13080,2023,15-19 Years,Gen Z,False
Matamata-Piako district,2160,2023,15-19 Years,Gen Z,False
Waikato district,6110,2023,15-19 Years,Gen Z,False
Hauraki district,1160,2023,15-19 Years,Gen Z,False
Thames-Coromandel district,1450,2023,15-19 Years,Gen Z,False
Franklin local board area,5330,2023,15-19 Years,Gen Z,False
Whakatane district,2570,2023,15-19 Years,Gen Z,False
Papakura local board area,4630,2023,15-19 Years,Gen Z,False
Horowhenua district,2120,2023,15-19 Years,Gen Z,False
Porirua city,4310,2023,15-19 Years,Gen Z,False
Gore district,790,2023,15-19 Years,Gen Z,False
Southland district,1900,2023,15-19 Years,Gen Z,False
Clutha district,1040,2023,15-19 Years,Gen Z,False
Dunedin city,12380,2023,15-19 Years,Gen Z,False
Queenstown-Lakes district,2180,2023,15-19 Years,Gen Z,False
Central Otago district,1110,2023,15-19 Years,Gen Z,False
Waitaki district,1390,2023,15-19 Years,Gen Z,False
Chatham Islands territory,35,2023,15-19 Years,Gen Z,False
Waimate district,420,2023,15-19 Years,Gen Z,False
Mackenzie district,260,2023,15-19 Years,Gen Z,False
Timaru district,2680,2023,15-19 Years,Gen Z,False
Ashburton district,2100,2023,15-19 Years,Gen Z,False
Selwyn district,5680,2023,15-19 Years,Gen Z,False
Kapiti Coast district,3190,2023,15-19 Years,Gen Z,False
Christchurch city,24090,2023,15-19 Years,Gen Z,False
Hurunui district,740,2023,15-19 Years,Gen Z,False
Westland district,410,2023,15-19 Years,Gen Z,False
Grey district,840,2023,15-19 Years,Gen Z,False
Buller district,420,2023,15-19 Years,Gen Z,False
Kaikoura district,140,2023,15-19 Years,Gen Z,False
Marlborough district,2650,2023,15-19 Years,Gen Z,False
Nelson city,3120,2023,15-19 Years,Gen Z,False
Tasman district,3550,2023,15-19 Years,Gen Z,False
South Wairarapa district,570,2023,15-19 Years,Gen Z,False
Carterton district,610,2023,15-19 Years,Gen Z,False
Masterton district,1700,2023,15-19 Years,Gen Z,False
Wellington city,15210,2023,15-19 Years,Gen Z,False
Lower Hutt city,6620,2023,15-19 Years,Gen Z,False
Upper Hutt city,2880,2023,15-19 Years,Gen Z,False
Waimakariri district,4200,2023,15-19 Years,Gen Z,False
Manurewa local board area,8420,2023,15-19 Years,Gen Z,False
Mangere-Otahuhu local board area,7470,2023,15-19 Years,Gen Z,False
Otara-Papatoetoe local board area,7050,2023,15-19 Years,Gen Z,False
Area outside territorial authority,0,2023,15-19 Years,Gen Z,False
Maungakiekie-Tamaki local board area,4720,2023,15-19 Years,Gen Z,False
Orakei local board area,5420,2023,15-19 Years,Gen Z,False
Puketapapa local board area,3470,2023,15-19 Years,Gen Z,False
Albert-Eden local board area,6470,2023,15-19 Years,Gen Z,False
Whau local board area,5070,2023,15-19 Years,Gen Z,False
Waitemata local board area,4730,2023,15-19 Years,Gen Z,False
Waiheke local board area,480,2023,15-19 Years,Gen Z,False
Aotea/Great Barrier local board area,25,2023,15-19 Years,Gen Z,False
Waitakere Ranges local board area,3730,2023,15-19 Years,Gen Z,False
Henderson-Massey local board area,8330,2023,15-19 Years,Gen Z,False
Devonport-Takapuna local board area,3650,2023,15-19 Years,Gen Z,False
Kaipatiki local board area,4770,2023,15-19 Years,Gen Z,False
Upper Harbour local board area,4000,2023,15-19 Years,Gen Z,False
Hibiscus and Bays local board area,7270,2023,15-19 Years,Gen Z,False
Auckland,109940,2023,15-19 Years,Gen Z,False
Kaipara district,1340,2023,15-19 Years,Gen Z,False
Whangarei district,6040,2023,15-19 Years,Gen Z,False
Far North district,4570,2023,15-19 Years,Gen Z,False
"Total, New Zealand",327180,2023,15-19 Years,Gen Z,False
Rodney local board area,4790,2023,15-19 Years,Gen Z,False
Invercargill city,3680,2023,15-19 Years,Gen Z,False
Tararua district,900,2023,20-24 Years,Gen Z,False
Palmerston North city,7610,2023,20-24 Years,Gen Z,False
Manawatu district,1610,2023,20-24 Years,Gen Z,False
Rangitikei district,870,2023,20-24 Years,Gen Z,False
Whanganui district,2480,2023,20-24 Years,Gen Z,False
Ruapehu district,620,2023,20-24 Years,Gen Z,False
South Taranaki district,1560,2023,20-24 Years,Gen Z,False
Stratford district,520,2023,20-24 Years,Gen Z,False
New Plymouth district,4340,2023,20-24 Years,Gen Z,False
Central Hawke's Bay district,630,2023,20-24 Years,Gen Z,False
Napier city,3520,2023,20-24 Years,Gen Z,False
Hastings district,4920,2023,20-24 Years,Gen Z,False
Wairoa district,530,2023,20-24 Years,Gen Z,False
Gisborne district,2940,2023,20-24 Years,Gen Z,False
Horowhenua district,1830,2023,20-24 Years,Gen Z,False
Opotiki district,550,2023,20-24 Years,Gen Z,False
Whakatane district,1980,2023,20-24 Years,Gen Z,False
Rotorua district,4530,2023,20-24 Years,Gen Z,False
Tauranga city,8130,2023,20-24 Years,Gen Z,False
Western Bay of Plenty district,2700,2023,20-24 Years,Gen Z,False
Taupo district,1890,2023,20-24 Years,Gen Z,False
Waitomo district,530,2023,20-24 Years,Gen Z,False
South Waikato district,1430,2023,20-24 Years,Gen Z,False
Otorohanga district,590,2023,20-24 Years,Gen Z,False
Waipa district,3160,2023,20-24 Years,Gen Z,False
Hamilton city,15070,2023,20-24 Years,Gen Z,False
Matamata-Piako district,1930,2023,20-24 Years,Gen Z,False
Waikato district,4770,2023,20-24 Years,Gen Z,False
Hauraki district,870,2023,20-24 Years,Gen Z,False
Thames-Coromandel district,1090,2023,20-24 Years,Gen Z,False
Kawerau district,430,2023,20-24 Years,Gen Z,False
Franklin local board area,4460,2023,20-24 Years,Gen Z,False
Kapiti Coast district,2360,2023,20-24 Years,Gen Z,False
Upper Hutt city,2690,2023,20-24 Years,Gen Z,False
Area outside territorial authority,0,2023,20-24 Years,Gen Z,False
Invercargill city,3360,2023,20-24 Years,Gen Z,False
Gore district,630,2023,20-24 Years,Gen Z,False
Southland district,1560,2023,20-24 Years,Gen Z,False
Clutha district,940,2023,20-24 Years,Gen Z,False
Dunedin city,14040,2023,20-24 Years,Gen Z,False
Queenstown-Lakes district,2950,2023,20-24 Years,Gen Z,False
Central Otago district,960,2023,20-24 Years,Gen Z,False
Waitaki district,1130,2023,20-24 Years,Gen Z,False
Chatham Islands territory,40,2023,20-24 Years,Gen Z,False
Waimate district,330,2023,20-24 Years,Gen Z,False
Mackenzie district,350,2023,20-24 Years,Gen Z,False
Timaru district,2220,2023,20-24 Years,Gen Z,False
Ashburton district,1930,2023,20-24 Years,Gen Z,False
Porirua city,3880,2023,20-24 Years,Gen Z,False
Selwyn district,4220,2023,20-24 Years,Gen Z,False
Waimakariri district,3230,2023,20-24 Years,Gen Z,False
Hurunui district,500,2023,20-24 Years,Gen Z,False
Westland district,390,2023,20-24 Years,Gen Z,False
Grey district,730,2023,20-24 Years,Gen Z,False
Buller district,310,2023,20-24 Years,Gen Z,False
Kaikoura district,180,2023,20-24 Years,Gen Z,False
Marlborough district,2240,2023,20-24 Years,Gen Z,False
Nelson city,2910,2023,20-24 Years,Gen Z,False
Tasman district,2830,2023,20-24 Years,Gen Z,False
South Wairarapa district,400,2023,20-24 Years,Gen Z,False
Carterton district,430,2023,20-24 Years,Gen Z,False
Masterton district,1460,2023,20-24 Years,Gen Z,False
Wellington city,23990,2023,20-24 Years,Gen Z,False
Lower Hutt city,6790,2023,20-24 Years,Gen Z,False
Christchurch city,29730,2023,20-24 Years,Gen Z,False
Papakura local board area,4910,2023,20-24 Years,Gen Z,False
Otara-Papatoetoe local board area,6710,2023,20-24 Years,Gen Z,False
Manurewa local board area,7930,2023,20-24 Years,Gen Z,False
Mangere-Otahuhu local board area,7350,2023,20-24 Years,Gen Z,False
Howick local board area,9390,2023,20-24 Years,Gen Z,False
Maungakiekie-Tamaki local board area,5920,2023,20-24 Years,Gen Z,False
Orakei local board area,5060,2023,20-24 Years,Gen Z,False
Puketapapa local board area,4330,2023,20-24 Years,Gen Z,False
Albert-Eden local board area,7220,2023,20-24 Years,Gen Z,False
Whau local board area,5530,2023,20-24 Years,Gen Z,False
Waitemata local board area,8310,2023,20-24 Years,Gen Z,False
Waiheke local board area,310,2023,20-24 Years,Gen Z,False
Aotea/Great Barrier local board area,25,2023,20-24 Years,Gen Z,False
Waitakere Ranges local board area,3340,2023,20-24 Years,Gen Z,False
Henderson-Massey local board area,8480,2023,20-24 Years,Gen Z,False
Devonport-Takapuna local board area,3520,2023,20-24 Years,Gen Z,False
Kaipatiki local board area,5760,2023,20-24 Years,Gen Z,False
Upper Harbour local board area,4730,2023,20-24 Years,Gen Z,False
Rodney local board area,3890,2023,20-24 Years,Gen Z,False
Auckland,113250,2023,20-24 Years,Gen Z,False
Kaipara district,1040,2023,20-24 Years,Gen Z,False
Whangarei district,4810,2023,20-24 Years,Gen Z,False
Far North district,3460,2023,20-24 Years,Gen Z,False
"Total, New Zealand",326740,2023,20-24 Years,Gen Z,False
Hibiscus and Bays local board area,6070,2023,20-24 Years,Gen Z,False
Otara-Papatoetoe local board area,9130,2023,25-29 Years,Gen Z,False
Horowhenua district,1960,2023,25-29 Years,Gen Z,False
Tararua district,970,2023,25-29 Years,Gen Z,False
Palmerston North city,7210,2023,25-29 Years,Gen Z,False
Manawatu district,1980,2023,25-29 Years,Gen Z,False
Rangitikei district,880,2023,25-29 Years,Gen Z,False
Whanganui district,2670,2023,25-29 Years,Gen Z,False
Ruapehu district,750,2023,25-29 Years,Gen Z,False
South Taranaki district,1450,2023,25-29 Years,Gen Z,False
Stratford district,570,2023,25-29 Years,Gen Z,False
New Plymouth district,4670,2023,25-29 Years,Gen Z,False
Central Hawke's Bay district,720,2023,25-29 Years,Gen Z,False
Napier city,3790,2023,25-29 Years,Gen Z,False
Hastings district,5730,2023,25-29 Years,Gen Z,False
Wairoa district,560,2023,25-29 Years,Gen Z,False
Kapiti Coast district,2450,2023,25-29 Years,Gen Z,False
Gisborne district,3150,2023,25-29 Years,Gen Z,False
Kawerau district,410,2023,25-29 Years,Gen Z,False
Whakatane district,2070,2023,25-29 Years,Gen Z,False
Rotorua district,5130,2023,25-29 Years,Gen Z,False
Tauranga city,9680,2023,25-29 Years,Gen Z,False
Western Bay of Plenty district,2980,2023,25-29 Years,Gen Z,False
Taupo district,2200,2023,25-29 Years,Gen Z,False
Waitomo district,600,2023,25-29 Years,Gen Z,False
South Waikato district,1620,2023,25-29 Years,Gen Z,False
Otorohanga district,700,2023,25-29 Years,Gen Z,False
Waipa district,3420,2023,25-29 Years,Gen Z,False
Hamilton city,15970,2023,25-29 Years,Gen Z,False
Matamata-Piako district,2300,2023,25-29 Years,Gen Z,False
Waikato district,4820,2023,25-29 Years,Gen Z,False
Hauraki district,980,2023,25-29 Years,Gen Z,False
Opotiki district,650,2023,25-29 Years,Gen Z,False
Thames-Coromandel district,1180,2023,25-29 Years,Gen Z,False
Porirua city,3890,2023,25-29 Years,Gen Z,False
Lower Hutt city,8130,2023,25-29 Years,Gen Z,False
Area outside territorial authority,5,2023,25-29 Years,Gen Z,False
Invercargill city,3540,2023,25-29 Years,Gen Z,False
Gore district,750,2023,25-29 Years,Gen Z,False
Southland district,1900,2023,25-29 Years,Gen Z,False
Clutha district,1110,2023,25-29 Years,Gen Z,False
Dunedin city,8350,2023,25-29 Years,Gen Z,False
Queenstown-Lakes district,5840,2023,25-29 Years,Gen Z,False
Central Otago district,1460,2023,25-29 Years,Gen Z,False
Waitaki district,1360,2023,25-29 Years,Gen Z,False
Chatham Islands territory,60,2023,25-29 Years,Gen Z,False
Waimate district,420,2023,25-29 Years,Gen Z,False
Mackenzie district,450,2023,25-29 Years,Gen Z,False
Timaru district,2790,2023,25-29 Years,Gen Z,False
Upper Hutt city,2990,2023,25-29 Years,Gen Z,False
Ashburton district,2480,2023,25-29 Years,Gen Z,False
Christchurch city,30830,2023,25-29 Years,Gen Z,False
Waimakariri district,3350,2023,25-29 Years,Gen Z,False
Hurunui district,680,2023,25-29 Years,Gen Z,False
Westland district,530,2023,25-29 Years,Gen Z,False
Grey district,700,2023,25-29 Years,Gen Z,False
Buller district,380,2023,25-29 Years,Gen Z,False
Kaikoura district,250,2023,25-29 Years,Gen Z,False
Marlborough district,2890,2023,25-29 Years,Gen Z,False
Nelson city,3000,2023,25-29 Years,Gen Z,False
Tasman district,2740,2023,25-29 Years,Gen Z,False
South Wairarapa district,480,2023,25-29 Years,Gen Z,False
Carterton district,410,2023,25-29 Years,Gen Z,False
Masterton district,1610,2023,25-29 Years,Gen Z,False
Wellington city,22350,2023,25-29 Years,Gen Z,False
Selwyn district,4460,2023,25-29 Years,Gen Z,False
Franklin local board area,4490,2023,25-29 Years,Gen Z,False
Manurewa local board area,9420,2023,25-29 Years,Gen Z,False
Papakura local board area,6190,2023,25-29 Years,Gen Z,False
Mangere-Otahuhu local board area,6800,2023,25-29 Years,Gen Z,False
Howick local board area,9880,2023,25-29 Years,Gen Z,False
Maungakiekie-Tamaki local board area,7970,2023,25-29 Years,Gen Z,False
Orakei local board area,5390,2023,25-29 Years,Gen Z,False
Puketapapa local board area,5830,2023,25-29 Years,Gen Z,False
Albert-Eden local board area,9600,2023,25-29 Years,Gen Z,False
Whau local board area,7120,2023,25-29 Years,Gen Z,False
Waitemata local board area,10650,2023,25-29 Years,Gen Z,False
Waiheke local board area,380,2023,25-29 Years,Gen Z,False
Aotea/Great Barrier local board area,50,2023,25-29 Years,Gen Z,False
Waitakere Ranges local board area,3250,2023,25-29 Years,Gen Z,False
Henderson-Massey local board area,10280,2023,25-29 Years,Gen Z,False
Devonport-Takapuna local board area,3470,2023,25-29 Years,Gen Z,False
Kaipatiki local board area,7740,2023,25-29 Years,Gen Z,False
Upper Harbour local board area,5060,2023,25-29 Years,Gen Z,False
Rodney local board area,4130,2023,25-29 Years,Gen Z,False
Auckland,132080,2023,25-29 Years,Gen Z,False
Kaipara district,1160,2023,25-29 Years,Gen Z,False
Whangarei district,5510,2023,25-29 Years,Gen Z,False
Far North district,3580,2023,25-29 Years,Gen Z,False
"Total, New Zealand",356730,2023,25-29 Years,Gen Z,False
Hibiscus and Bays local board area,5270,2023,25-29 Years,Gen Z,False
Mangere-Otahuhu local board area,7000,2023,30-34 Years,Millennial,False
Tararua district,1200,2023,30-34 Years,Millennial,False
Palmerston North city,6790,2023,30-34 Years,Millennial,False
Manawatu district,2210,2023,30-34 Years,Millennial,False
Rangitikei district,1080,2023,30-34 Years,Millennial,False
Whanganui district,3040,2023,30-34 Years,Millennial,False
Ruapehu district,920,2023,30-34 Years,Millennial,False
South Taranaki district,1960,2023,30-34 Years,Millennial,False
Stratford district,690,2023,30-34 Years,Millennial,False
New Plymouth district,5800,2023,30-34 Years,Millennial,False
Central Hawke's Bay district,900,2023,30-34 Years,Millennial,False
Napier city,4480,2023,30-34 Years,Millennial,False
Hastings district,6510,2023,30-34 Years,Millennial,False
Wairoa district,580,2023,30-34 Years,Millennial,False
Gisborne district,3650,2023,30-34 Years,Millennial,False
Horowhenua district,2150,2023,30-34 Years,Millennial,False
Opotiki district,670,2023,30-34 Years,Millennial,False
Whakatane district,2350,2023,30-34 Years,Millennial,False
Rotorua district,5620,2023,30-34 Years,Millennial,False
Tauranga city,11970,2023,30-34 Years,Millennial,False
Western Bay of Plenty district,3930,2023,30-34 Years,Millennial,False
Taupo district,2750,2023,30-34 Years,Millennial,False
Waitomo district,670,2023,30-34 Years,Millennial,False
South Waikato district,1810,2023,30-34 Years,Millennial,False
Otorohanga district,790,2023,30-34 Years,Millennial,False
Waipa district,3820,2023,30-34 Years,Millennial,False
Hamilton city,16470,2023,30-34 Years,Millennial,False
Matamata-Piako district,2600,2023,30-34 Years,Millennial,False
Waikato district,6180,2023,30-34 Years,Millennial,False
Hauraki district,1260,2023,30-34 Years,Millennial,False
Thames-Coromandel district,1520,2023,30-34 Years,Millennial,False
Kawerau district,450,2023,30-34 Years,Millennial,False
Franklin local board area,5210,2023,30-34 Years,Millennial,False
Kapiti Coast district,3120,2023,30-34 Years,Millennial,False
Upper Hutt city,3670,2023,30-34 Years,Millennial,False
Invercargill city,4000,2023,30-34 Years,Millennial,False
Gore district,880,2023,30-34 Years,Millennial,False
Southland district,2310,2023,30-34 Years,Millennial,False
Clutha district,1230,2023,30-34 Years,Millennial,False
Dunedin city,8720,2023,30-34 Years,Millennial,False
Queenstown-Lakes district,7450,2023,30-34 Years,Millennial,False
Central Otago district,1890,2023,30-34 Years,Millennial,False
Waitaki district,1560,2023,30-34 Years,Millennial,False
Chatham Islands territory,70,2023,30-34 Years,Millennial,False
Waimate district,540,2023,30-34 Years,Millennial,False
Mackenzie district,540,2023,30-34 Years,Millennial,False
Timaru district,3300,2023,30-34 Years,Millennial,False
Ashburton district,3050,2023,30-34 Years,Millennial,False
Porirua city,4550,2023,30-34 Years,Millennial,False
Selwyn district,5880,2023,30-34 Years,Millennial,False
Waimakariri district,4350,2023,30-34 Years,Millennial,False
Hurunui district,830,2023,30-34 Years,Millennial,False
Westland district,670,2023,30-34 Years,Millennial,False
Grey district,950,2023,30-34 Years,Millennial,False
Buller district,400,2023,30-34 Years,Millennial,False
Kaikoura district,250,2023,30-34 Years,Millennial,False
Marlborough district,3340,2023,30-34 Years,Millennial,False
Nelson city,3660,2023,30-34 Years,Millennial,False
Tasman district,3240,2023,30-34 Years,Millennial,False
South Wairarapa district,610,2023,30-34 Years,Millennial,False
Carterton district,500,2023,30-34 Years,Millennial,False
Masterton district,2010,2023,30-34 Years,Millennial,False
Wellington city,18950,2023,30-34 Years,Millennial,False
Lower Hutt city,9390,2023,30-34 Years,Millennial,False
Christchurch city,34020,2023,30-34 Years,Millennial,False
Papakura local board area,7830,2023,30-34 Years,Millennial,False
Otara-Papatoetoe local board area,9750,2023,30-34 Years,Millennial,False
Manurewa local board area,10190,2023,30-34 Years,Millennial,False
Howick local board area,11400,2023,30-34 Years,Millennial,False
Maungakiekie-Tamaki local board area,8760,2023,30-34 Years,Millennial,False
Orakei local board area,5610,2023,30-34 Years,Millennial,False
Puketapapa local board area,5970,2023,30-34 Years,Millennial,False
Albert-Eden local board area,9720,2023,30-34 Years,Millennial,False
Whau local board area,8230,2023,30-34 Years,Millennial,False
Waitemata local board area,13140,2023,30-34 Years,Millennial,False
Waiheke local board area,660,2023,30-34 Years,Millennial,False
Aotea/Great Barrier local board area,60,2023,30-34 Years,Millennial,False
Waitakere Ranges local board area,4150,2023,30-34 Years,Millennial,False
Henderson-Massey local board area,12010,2023,30-34 Years,Millennial,False
Devonport-Takapuna local board area,3660,2023,30-34 Years,Millennial,False
Kaipatiki local board area,9120,2023,30-34 Years,Millennial,False
Upper Harbour local board area,6230,2023,30-34 Years,Millennial,False
Hibiscus and Bays local board area,6640,2023,30-34 Years,Millennial,False
Auckland,150430,2023,30-34 Years,Millennial,False
Kaipara district,1540,2023,30-34 Years,Millennial,False
Whangarei district,6570,2023,30-34 Years,Millennial,False
Far North district,4340,2023,30-34 Years,Millennial,False
"Total, New Zealand",403660,2023,30-34 Years,Millennial,False
Rodney local board area,5100,2023,30-34 Years,Millennial,False
Area outside territorial authority,0,2023,30-34 Years,Millennial,False
Mangere-Otahuhu local board area,6280,2023,35-39 Years,Millennial,False
Tararua district,1070,2023,35-39 Years,Millennial,False
Palmerston North city,6120,2023,35-39 Years,Millennial,False
Manawatu district,2100,2023,35-39 Years,Millennial,False
Rangitikei district,970,2023,35-39 Years,Millennial,False
Whanganui district,2740,2023,35-39 Years,Millennial,False
Ruapehu district,810,2023,35-39 Years,Millennial,False
South Taranaki district,1910,2023,35-39 Years,Millennial,False
Stratford district,680,2023,35-39 Years,Millennial,False
New Plymouth district,5840,2023,35-39 Years,Millennial,False
Central Hawke's Bay district,970,2023,35-39 Years,Millennial,False
Napier city,4060,2023,35-39 Years,Millennial,False
Hastings district,5860,2023,35-39 Years,Millennial,False
Wairoa district,480,2023,35-39 Years,Millennial,False
Gisborne district,3290,2023,35-39 Years,Millennial,False
Horowhenua district,1920,2023,35-39 Years,Millennial,False
Opotiki district,580,2023,35-39 Years,Millennial,False
Whakatane district,2310,2023,35-39 Years,Millennial,False
Rotorua district,5230,2023,35-39 Years,Millennial,False
Tauranga city,11240,2023,35-39 Years,Millennial,False
Western Bay of Plenty district,3610,2023,35-39 Years,Millennial,False
Taupo district,2540,2023,35-39 Years,Millennial,False
Waitomo district,520,2023,35-39 Years,Millennial,False
South Waikato district,1490,2023,35-39 Years,Millennial,False
Otorohanga district,770,2023,35-39 Years,Millennial,False
Waipa district,3930,2023,35-39 Years,Millennial,False
Hamilton city,14300,2023,35-39 Years,Millennial,False
Matamata-Piako district,2220,2023,35-39 Years,Millennial,False
Waikato district,6060,2023,35-39 Years,Millennial,False
Hauraki district,1240,2023,35-39 Years,Millennial,False
Thames-Coromandel district,1470,2023,35-39 Years,Millennial,False
Kawerau district,430,2023,35-39 Years,Millennial,False
Franklin local board area,5300,2023,35-39 Years,Millennial,False
Kapiti Coast district,3020,2023,35-39 Years,Millennial,False
Upper Hutt city,3570,2023,35-39 Years,Millennial,False
Invercargill city,3980,2023,35-39 Years,Millennial,False
Gore district,780,2023,35-39 Years,Millennial,False
Southland district,2290,2023,35-39 Years,Millennial,False
Clutha district,1180,2023,35-39 Years,Millennial,False
Dunedin city,8030,2023,35-39 Years,Millennial,False
Queenstown-Lakes district,5620,2023,35-39 Years,Millennial,False
Central Otago district,1800,2023,35-39 Years,Millennial,False
Waitaki district,1450,2023,35-39 Years,Millennial,False
Chatham Islands territory,45,2023,35-39 Years,Millennial,False
Waimate district,520,2023,35-39 Years,Millennial,False
Mackenzie district,400,2023,35-39 Years,Millennial,False
Timaru district,2920,2023,35-39 Years,Millennial,False
Ashburton district,2570,2023,35-39 Years,Millennial,False
Porirua city,4430,2023,35-39 Years,Millennial,False
Selwyn district,6560,2023,35-39 Years,Millennial,False
Waimakariri district,3970,2023,35-39 Years,Millennial,False
Hurunui district,850,2023,35-39 Years,Millennial,False
Westland district,550,2023,35-39 Years,Millennial,False
Grey district,810,2023,35-39 Years,Millennial,False
Buller district,460,2023,35-39 Years,Millennial,False
Kaikoura district,240,2023,35-39 Years,Millennial,False
Marlborough district,3350,2023,35-39 Years,Millennial,False
Nelson city,3730,2023,35-39 Years,Millennial,False
Tasman district,3120,2023,35-39 Years,Millennial,False
South Wairarapa district,640,2023,35-39 Years,Millennial,False
Carterton district,470,2023,35-39 Years,Millennial,False
Masterton district,1620,2023,35-39 Years,Millennial,False
Wellington city,15510,2023,35-39 Years,Millennial,False
Lower Hutt city,8970,2023,35-39 Years,Millennial,False
Christchurch city,29070,2023,35-39 Years,Millennial,False
Papakura local board area,6860,2023,35-39 Years,Millennial,False
Otara-Papatoetoe local board area,7390,2023,35-39 Years,Millennial,False
Manurewa local board area,8510,2023,35-39 Years,Millennial,False
Howick local board area,12100,2023,35-39 Years,Millennial,False
Maungakiekie-Tamaki local board area,7460,2023,35-39 Years,Millennial,False
Orakei local board area,5500,2023,35-39 Years,Millennial,False
Puketapapa local board area,4640,2023,35-39 Years,Millennial,False
Albert-Eden local board area,7490,2023,35-39 Years,Millennial,False
Whau local board area,7570,2023,35-39 Years,Millennial,False
Waitemata local board area,8770,2023,35-39 Years,Millennial,False
Waiheke local board area,660,2023,35-39 Years,Millennial,False
Aotea/Great Barrier local board area,50,2023,35-39 Years,Millennial,False
Waitakere Ranges local board area,4050,2023,35-39 Years,Millennial,False
Henderson-Massey local board area,11260,2023,35-39 Years,Millennial,False
Devonport-Takapuna local board area,3810,2023,35-39 Years,Millennial,False
Kaipatiki local board area,7820,2023,35-39 Years,Millennial,False
Upper Harbour local board area,6540,2023,35-39 Years,Millennial,False
Hibiscus and Bays local board area,8070,2023,35-39 Years,Millennial,False
Auckland,135620,2023,35-39 Years,Millennial,False
Kaipara district,1500,2023,35-39 Years,Millennial,False
Whangarei district,6590,2023,35-39 Years,Millennial,False
Far North district,4010,2023,35-39 Years,Millennial,False
"Total, New Zealand",367030,2023,35-39 Years,Millennial,False
Rodney local board area,5500,2023,35-39 Years,Millennial,False
Area outside territorial authority,5,2023,35-39 Years,Millennial,False
Mangere-Otahuhu local board area,5460,2023,40-44 Years,Millennial,False
Tararua district,1030,2023,40-44 Years,Millennial,False
Palmerston North city,5490,2023,40-44 Years,Millennial,False
Manawatu district,1960,2023,40-44 Years,Millennial,False
Rangitikei district,780,2023,40-44 Years,Millennial,False
Whanganui district,2650,2023,40-44 Years,Millennial,False
Ruapehu district,660,2023,40-44 Years,Millennial,False
South Taranaki district,1760,2023,40-44 Years,Millennial,False
Stratford district,540,2023,40-44 Years,Millennial,False
New Plymouth district,5640,2023,40-44 Years,Millennial,False
Central Hawke's Bay district,860,2023,40-44 Years,Millennial,False
Napier city,3810,2023,40-44 Years,Millennial,False
Hastings district,5580,2023,40-44 Years,Millennial,False
Wairoa district,450,2023,40-44 Years,Millennial,False
Gisborne district,2960,2023,40-44 Years,Millennial,False
Horowhenua district,1750,2023,40-44 Years,Millennial,False
Opotiki district,530,2023,40-44 Years,Millennial,False
Whakatane district,1940,2023,40-44 Years,Millennial,False
Rotorua district,4710,2023,40-44 Years,Millennial,False
Tauranga city,10090,2023,40-44 Years,Millennial,False
Western Bay of Plenty district,3330,2023,40-44 Years,Millennial,False
Taupo district,2450,2023,40-44 Years,Millennial,False
Waitomo district,560,2023,40-44 Years,Millennial,False
South Waikato district,1270,2023,40-44 Years,Millennial,False
Otorohanga district,620,2023,40-44 Years,Millennial,False
Waipa district,3570,2023,40-44 Years,Millennial,False
Hamilton city,11960,2023,40-44 Years,Millennial,False
Matamata-Piako district,2010,2023,40-44 Years,Millennial,False
Waikato district,5790,2023,40-44 Years,Millennial,False
Hauraki district,1010,2023,40-44 Years,Millennial,False
Thames-Coromandel district,1570,2023,40-44 Years,Millennial,False
Kawerau district,390,2023,40-44 Years,Millennial,False
Franklin local board area,5410,2023,40-44 Years,Millennial,False
Kapiti Coast district,3290,2023,40-44 Years,Millennial,False
Upper Hutt city,3190,2023,40-44 Years,Millennial,False
Invercargill city,3680,2023,40-44 Years,Millennial,False
Gore district,680,2023,40-44 Years,Millennial,False
Southland district,2160,2023,40-44 Years,Millennial,False
Clutha district,1070,2023,40-44 Years,Millennial,False
Dunedin city,7600,2023,40-44 Years,Millennial,False
Queenstown-Lakes district,3790,2023,40-44 Years,Millennial,False
Central Otago district,1510,2023,40-44 Years,Millennial,False
Waitaki district,1380,2023,40-44 Years,Millennial,False
Chatham Islands territory,40,2023,40-44 Years,Millennial,False
Waimate district,450,2023,40-44 Years,Millennial,False
Mackenzie district,310,2023,40-44 Years,Millennial,False
Timaru district,2690,2023,40-44 Years,Millennial,False
Ashburton district,2160,2023,40-44 Years,Millennial,False
Porirua city,4120,2023,40-44 Years,Millennial,False
Selwyn district,5750,2023,40-44 Years,Millennial,False
Waimakariri district,3870,2023,40-44 Years,Millennial,False
Hurunui district,740,2023,40-44 Years,Millennial,False
Westland district,490,2023,40-44 Years,Millennial,False
Grey district,670,2023,40-44 Years,Millennial,False
Buller district,420,2023,40-44 Years,Millennial,False
Kaikoura district,250,2023,40-44 Years,Millennial,False
Marlborough district,3010,2023,40-44 Years,Millennial,False
Nelson city,3390,2023,40-44 Years,Millennial,False
Tasman district,3300,2023,40-44 Years,Millennial,False
South Wairarapa district,680,2023,40-44 Years,Millennial,False
Carterton district,540,2023,40-44 Years,Millennial,False
Masterton district,1620,2023,40-44 Years,Millennial,False
Wellington city,14400,2023,40-44 Years,Millennial,False
Lower Hutt city,8120,2023,40-44 Years,Millennial,False
Christchurch city,25560,2023,40-44 Years,Millennial,False
Papakura local board area,4720,2023,40-44 Years,Millennial,False
Otara-Papatoetoe local board area,6050,2023,40-44 Years,Millennial,False
Manurewa local board area,6900,2023,40-44 Years,Millennial,False
Howick local board area,12770,2023,40-44 Years,Millennial,False
Maungakiekie-Tamaki local board area,6000,2023,40-44 Years,Millennial,False
Orakei local board area,6010,2023,40-44 Years,Millennial,False
Puketapapa local board area,4320,2023,40-44 Years,Millennial,False
Albert-Eden local board area,7020,2023,40-44 Years,Millennial,False
Whau local board area,6310,2023,40-44 Years,Millennial,False
Waitemata local board area,5730,2023,40-44 Years,Millennial,False
Waiheke local board area,550,2023,40-44 Years,Millennial,False
Aotea/Great Barrier local board area,50,2023,40-44 Years,Millennial,False
Waitakere Ranges local board area,4040,2023,40-44 Years,Millennial,False
Henderson-Massey local board area,9330,2023,40-44 Years,Millennial,False
Devonport-Takapuna local board area,4140,2023,40-44 Years,Millennial,False
Kaipatiki local board area,7480,2023,40-44 Years,Millennial,False
Upper Harbour local board area,6100,2023,40-44 Years,Millennial,False
Hibiscus and Bays local board area,8890,2023,40-44 Years,Millennial,False
Auckland,122560,2023,40-44 Years,Millennial,False
Kaipara district,1400,2023,40-44 Years,Millennial,False
Whangarei district,5490,2023,40-44 Years,Millennial,False
Far North district,3710,2023,40-44 Years,Millennial,False
"Total, New Zealand",331800,2023,40-44 Years,Millennial,False
Rodney local board area,5260,2023,40-44 Years,Millennial,False
Area outside territorial authority,5,2023,40-44 Years,Millennial,False
Area outside territorial authority,5,2023,45-49 Years,Gen X,False
Tararua district,1070,2023,45-49 Years,Gen X,False
Palmerston North city,5150,2023,45-49 Years,Gen X,False
Manawatu district,1970,2023,45-49 Years,Gen X,False
Rangitikei district,800,2023,45-49 Years,Gen X,False
Whanganui district,2740,2023,45-49 Years,Gen X,False
Ruapehu district,730,2023,45-49 Years,Gen X,False
South Taranaki district,1670,2023,45-49 Years,Gen X,False
Stratford district,570,2023,45-49 Years,Gen X,False
New Plymouth district,5540,2023,45-49 Years,Gen X,False
Central Hawke's Bay district,970,2023,45-49 Years,Gen X,False
Napier city,4090,2023,45-49 Years,Gen X,False
Hastings district,5480,2023,45-49 Years,Gen X,False
Wairoa district,470,2023,45-49 Years,Gen X,False
Gisborne district,2960,2023,45-49 Years,Gen X,False
Horowhenua district,1960,2023,45-49 Years,Gen X,False
Opotiki district,520,2023,45-49 Years,Gen X,False
Whakatane district,2190,2023,45-49 Years,Gen X,False
Rotorua district,4690,2023,45-49 Years,Gen X,False
Tauranga city,9690,2023,45-49 Years,Gen X,False
Western Bay of Plenty district,3570,2023,45-49 Years,Gen X,False
Taupo district,2450,2023,45-49 Years,Gen X,False
Waitomo district,530,2023,45-49 Years,Gen X,False
South Waikato district,1350,2023,45-49 Years,Gen X,False
Otorohanga district,610,2023,45-49 Years,Gen X,False
Waipa district,3700,2023,45-49 Years,Gen X,False
Hamilton city,10610,2023,45-49 Years,Gen X,False
Matamata-Piako district,1920,2023,45-49 Years,Gen X,False
Waikato district,5860,2023,45-49 Years,Gen X,False
Hauraki district,1160,2023,45-49 Years,Gen X,False
Thames-Coromandel district,1620,2023,45-49 Years,Gen X,False
Kawerau district,360,2023,45-49 Years,Gen X,False
Franklin local board area,5510,2023,45-49 Years,Gen X,False
Kapiti Coast district,3330,2023,45-49 Years,Gen X,False
Upper Hutt city,3070,2023,45-49 Years,Gen X,False
Invercargill city,3630,2023,45-49 Years,Gen X,False
Gore district,730,2023,45-49 Years,Gen X,False
Southland district,1990,2023,45-49 Years,Gen X,False
Clutha district,1190,2023,45-49 Years,Gen X,False
Dunedin city,7310,2023,45-49 Years,Gen X,False
Queenstown-Lakes district,3320,2023,45-49 Years,Gen X,False
Central Otago district,1490,2023,45-49 Years,Gen X,False
Waitaki district,1340,2023,45-49 Years,Gen X,False
Chatham Islands territory,40,2023,45-49 Years,Gen X,False
Waimate district,440,2023,45-49 Years,Gen X,False
Mackenzie district,290,2023,45-49 Years,Gen X,False
Timaru district,2740,2023,45-49 Years,Gen X,False
Ashburton district,2030,2023,45-49 Years,Gen X,False
Porirua city,4070,2023,45-49 Years,Gen X,False
Selwyn district,5630,2023,45-49 Years,Gen X,False
Waimakariri district,4110,2023,45-49 Years,Gen X,False
Hurunui district,810,2023,45-49 Years,Gen X,False
Westland district,520,2023,45-49 Years,Gen X,False
Grey district,740,2023,45-49 Years,Gen X,False
Buller district,510,2023,45-49 Years,Gen X,False
Kaikoura district,230,2023,45-49 Years,Gen X,False
Marlborough district,3170,2023,45-49 Years,Gen X,False
Nelson city,3510,2023,45-49 Years,Gen X,False
Tasman district,3720,2023,45-49 Years,Gen X,False
South Wairarapa district,790,2023,45-49 Years,Gen X,False
Carterton district,590,2023,45-49 Years,Gen X,False
Masterton district,1550,2023,45-49 Years,Gen X,False
Wellington city,13890,2023,45-49 Years,Gen X,False
Lower Hutt city,7090,2023,45-49 Years,Gen X,False
Christchurch city,23570,2023,45-49 Years,Gen X,False
Papakura local board area,3840,2023,45-49 Years,Gen X,False
Otara-Papatoetoe local board area,5020,2023,45-49 Years,Gen X,False
Manurewa local board area,5900,2023,45-49 Years,Gen X,False
Mangere-Otahuhu local board area,4980,2023,45-49 Years,Gen X,False
Howick local board area,10570,2023,45-49 Years,Gen X,False
Maungakiekie-Tamaki local board area,4980,2023,45-49 Years,Gen X,False
Orakei local board area,6010,2023,45-49 Years,Gen X,False
Puketapapa local board area,3300,2023,45-49 Years,Gen X,False
Albert-Eden local board area,6590,2023,45-49 Years,Gen X,False
Whau local board area,5320,2023,45-49 Years,Gen X,False
Waitemata local board area,4880,2023,45-49 Years,Gen X,False
Waiheke local board area,570,2023,45-49 Years,Gen X,False
Aotea/Great Barrier local board area,55,2023,45-49 Years,Gen X,False
Waitakere Ranges local board area,3960,2023,45-49 Years,Gen X,False
Henderson-Massey local board area,7930,2023,45-49 Years,Gen X,False
Devonport-Takapuna local board area,4080,2023,45-49 Years,Gen X,False
Kaipatiki local board area,5660,2023,45-49 Years,Gen X,False
Upper Harbour local board area,4310,2023,45-49 Years,Gen X,False
Rodney local board area,5090,2023,45-49 Years,Gen X,False
Auckland,106650,2023,45-49 Years,Gen X,False
Kaipara district,1490,2023,45-49 Years,Gen X,False
Whangarei district,5660,2023,45-49 Years,Gen X,False
Far North district,4110,2023,45-49 Years,Gen X,False
"Total, New Zealand",312360,2023,45-49 Years,Gen X,False
Hibiscus and Bays local board area,8080,2023,45-49 Years,Gen X,False
Otara-Papatoetoe local board area,5340,2023,50-54 Years,Gen X,False
Horowhenua district,2230,2023,50-54 Years,Gen X,False
Tararua district,1260,2023,50-54 Years,Gen X,False
Palmerston North city,5400,2023,50-54 Years,Gen X,False
Manawatu district,2110,2023,50-54 Years,Gen X,False
Rangitikei district,990,2023,50-54 Years,Gen X,False
Whanganui district,3170,2023,50-54 Years,Gen X,False
Ruapehu district,760,2023,50-54 Years,Gen X,False
South Taranaki district,2040,2023,50-54 Years,Gen X,False
Stratford district,600,2023,50-54 Years,Gen X,False
New Plymouth district,5670,2023,50-54 Years,Gen X,False
Central Hawke's Bay district,1010,2023,50-54 Years,Gen X,False
Napier city,4470,2023,50-54 Years,Gen X,False
Hastings district,5970,2023,50-54 Years,Gen X,False
Wairoa district,570,2023,50-54 Years,Gen X,False
Kapiti Coast district,4250,2023,50-54 Years,Gen X,False
Gisborne district,3320,2023,50-54 Years,Gen X,False
Kawerau district,410,2023,50-54 Years,Gen X,False
Whakatane district,2470,2023,50-54 Years,Gen X,False
Rotorua district,5100,2023,50-54 Years,Gen X,False
Tauranga city,10020,2023,50-54 Years,Gen X,False
Western Bay of Plenty district,3980,2023,50-54 Years,Gen X,False
Taupo district,2800,2023,50-54 Years,Gen X,False
Waitomo district,590,2023,50-54 Years,Gen X,False
South Waikato district,1630,2023,50-54 Years,Gen X,False
Otorohanga district,670,2023,50-54 Years,Gen X,False
Waipa district,4060,2023,50-54 Years,Gen X,False
Hamilton city,10320,2023,50-54 Years,Gen X,False
Matamata-Piako district,2220,2023,50-54 Years,Gen X,False
Waikato district,6410,2023,50-54 Years,Gen X,False
Hauraki district,1480,2023,50-54 Years,Gen X,False
Opotiki district,660,2023,50-54 Years,Gen X,False
Thames-Coromandel district,2020,2023,50-54 Years,Gen X,False
Porirua city,4190,2023,50-54 Years,Gen X,False
Lower Hutt city,7400,2023,50-54 Years,Gen X,False
Area outside territorial authority,5,2023,50-54 Years,Gen X,False
Invercargill city,3500,2023,50-54 Years,Gen X,False
Gore district,810,2023,50-54 Years,Gen X,False
Southland district,2200,2023,50-54 Years,Gen X,False
Clutha district,1320,2023,50-54 Years,Gen X,False
Dunedin city,8410,2023,50-54 Years,Gen X,False
Queenstown-Lakes district,3100,2023,50-54 Years,Gen X,False
Central Otago district,1830,2023,50-54 Years,Gen X,False
Waitaki district,1500,2023,50-54 Years,Gen X,False
Chatham Islands territory,60,2023,50-54 Years,Gen X,False
Waimate district,580,2023,50-54 Years,Gen X,False
Mackenzie district,390,2023,50-54 Years,Gen X,False
Timaru district,3160,2023,50-54 Years,Gen X,False
Upper Hutt city,3400,2023,50-54 Years,Gen X,False
Ashburton district,2270,2023,50-54 Years,Gen X,False
Christchurch city,25320,2023,50-54 Years,Gen X,False
Waimakariri district,5210,2023,50-54 Years,Gen X,False
Hurunui district,880,2023,50-54 Years,Gen X,False
Westland district,650,2023,50-54 Years,Gen X,False
Grey district,1080,2023,50-54 Years,Gen X,False
Buller district,620,2023,50-54 Years,Gen X,False
Kaikoura district,280,2023,50-54 Years,Gen X,False
Marlborough district,3410,2023,50-54 Years,Gen X,False
Nelson city,3840,2023,50-54 Years,Gen X,False
Tasman district,4490,2023,50-54 Years,Gen X,False
South Wairarapa district,900,2023,50-54 Years,Gen X,False
Carterton district,720,2023,50-54 Years,Gen X,False
Masterton district,1860,2023,50-54 Years,Gen X,False
Wellington city,13970,2023,50-54 Years,Gen X,False
Selwyn district,5880,2023,50-54 Years,Gen X,False
Franklin local board area,6430,2023,50-54 Years,Gen X,False
Manurewa local board area,6190,2023,50-54 Years,Gen X,False
Papakura local board area,3900,2023,50-54 Years,Gen X,False
Mangere-Otahuhu local board area,5040,2023,50-54 Years,Gen X,False
Howick local board area,10510,2023,50-54 Years,Gen X,False
Maungakiekie-Tamaki local board area,4760,2023,50-54 Years,Gen X,False
Orakei local board area,6510,2023,50-54 Years,Gen X,False
Puketapapa local board area,3550,2023,50-54 Years,Gen X,False
Albert-Eden local board area,6840,2023,50-54 Years,Gen X,False
Whau local board area,5140,2023,50-54 Years,Gen X,False
Waitemata local board area,5280,2023,50-54 Years,Gen X,False
Waiheke local board area,720,2023,50-54 Years,Gen X,False
Aotea/Great Barrier local board area,80,2023,50-54 Years,Gen X,False
Waitakere Ranges local board area,4220,2023,50-54 Years,Gen X,False
Henderson-Massey local board area,7850,2023,50-54 Years,Gen X,False
Devonport-Takapuna local board area,4240,2023,50-54 Years,Gen X,False
Kaipatiki local board area,5610,2023,50-54 Years,Gen X,False
Upper Harbour local board area,4540,2023,50-54 Years,Gen X,False
Rodney local board area,6060,2023,50-54 Years,Gen X,False
Auckland,111250,2023,50-54 Years,Gen X,False
Kaipara district,1690,2023,50-54 Years,Gen X,False
Whangarei district,6610,2023,50-54 Years,Gen X,False
Far North district,4880,2023,50-54 Years,Gen X,False
"Total, New Zealand",336310,2023,50-54 Years,Gen X,False
Hibiscus and Bays local board area,8450,2023,50-54 Years,Gen X,False
Tararua district,1360,2023,55-59 Years,Gen X,False
Palmerston North city,4760,2023,55-59 Years,Gen X,False
Manawatu district,2260,2023,55-59 Years,Gen X,False
Rangitikei district,1160,2023,55-59 Years,Gen X,False
Whanganui district,3090,2023,55-59 Years,Gen X,False
Ruapehu district,930,2023,55-59 Years,Gen X,False
South Taranaki district,2020,2023,55-59 Years,Gen X,False
Stratford district,660,2023,55-59 Years,Gen X,False
New Plymouth district,5400,2023,55-59 Years,Gen X,False
Central Hawke's Bay district,1040,2023,55-59 Years,Gen X,False
Napier city,4340,2023,55-59 Years,Gen X,False
Hastings district,5620,2023,55-59 Years,Gen X,False
Wairoa district,580,2023,55-59 Years,Gen X,False
Gisborne district,3200,2023,55-59 Years,Gen X,False
Horowhenua district,2580,2023,55-59 Years,Gen X,False
Opotiki district,670,2023,55-59 Years,Gen X,False
Whakatane district,2410,2023,55-59 Years,Gen X,False
Rotorua district,4650,2023,55-59 Years,Gen X,False
Tauranga city,9090,2023,55-59 Years,Gen X,False
Western Bay of Plenty district,4280,2023,55-59 Years,Gen X,False
Taupo district,2690,2023,55-59 Years,Gen X,False
Waitomo district,700,2023,55-59 Years,Gen X,False
South Waikato district,1650,2023,55-59 Years,Gen X,False
Otorohanga district,670,2023,55-59 Years,Gen X,False
Waipa district,3770,2023,55-59 Years,Gen X,False
Hamilton city,8610,2023,55-59 Years,Gen X,False
Matamata-Piako district,2390,2023,55-59 Years,Gen X,False
Waikato district,5950,2023,55-59 Years,Gen X,False
Hauraki district,1600,2023,55-59 Years,Gen X,False
Thames-Coromandel district,2400,2023,55-59 Years,Gen X,False
Kawerau district,410,2023,55-59 Years,Gen X,False
Franklin local board area,6150,2023,55-59 Years,Gen X,False
Kapiti Coast district,4200,2023,55-59 Years,Gen X,False
Upper Hutt city,3040,2023,55-59 Years,Gen X,False
Area outside territorial authority,0,2023,55-59 Years,Gen X,False
Invercargill city,3550,2023,55-59 Years,Gen X,False
Gore district,970,2023,55-59 Years,Gen X,False
Southland district,2170,2023,55-59 Years,Gen X,False
Clutha district,1310,2023,55-59 Years,Gen X,False
Dunedin city,7880,2023,55-59 Years,Gen X,False
Queenstown-Lakes district,2500,2023,55-59 Years,Gen X,False
Central Otago district,1780,2023,55-59 Years,Gen X,False
Waitaki district,1650,2023,55-59 Years,Gen X,False
Chatham Islands territory,40,2023,55-59 Years,Gen X,False
Waimate district,660,2023,55-59 Years,Gen X,False
Mackenzie district,390,2023,55-59 Years,Gen X,False
Timaru district,3320,2023,55-59 Years,Gen X,False
Ashburton district,2160,2023,55-59 Years,Gen X,False
Porirua city,3780,2023,55-59 Years,Gen X,False
Selwyn district,5110,2023,55-59 Years,Gen X,False
Waimakariri district,5000,2023,55-59 Years,Gen X,False
Hurunui district,1010,2023,55-59 Years,Gen X,False
Westland district,730,2023,55-59 Years,Gen X,False
Grey district,1080,2023,55-59 Years,Gen X,False
Buller district,810,2023,55-59 Years,Gen X,False
Kaikoura district,290,2023,55-59 Years,Gen X,False
Marlborough district,3580,2023,55-59 Years,Gen X,False
Nelson city,3810,2023,55-59 Years,Gen X,False
Tasman district,4410,2023,55-59 Years,Gen X,False
South Wairarapa district,920,2023,55-59 Years,Gen X,False
Carterton district,770,2023,55-59 Years,Gen X,False
Masterton district,1870,2023,55-59 Years,Gen X,False
Wellington city,12600,2023,55-59 Years,Gen X,False
Lower Hutt city,6640,2023,55-59 Years,Gen X,False
Christchurch city,23420,2023,55-59 Years,Gen X,False
Papakura local board area,3630,2023,55-59 Years,Gen X,False
Otara-Papatoetoe local board area,4670,2023,55-59 Years,Gen X,False
Manurewa local board area,5450,2023,55-59 Years,Gen X,False
Mangere-Otahuhu local board area,4810,2023,55-59 Years,Gen X,False
Howick local board area,9580,2023,55-59 Years,Gen X,False
Maungakiekie-Tamaki local board area,4340,2023,55-59 Years,Gen X,False
Orakei local board area,5790,2023,55-59 Years,Gen X,False
Puketapapa local board area,3390,2023,55-59 Years,Gen X,False
Albert-Eden local board area,6130,2023,55-59 Years,Gen X,False
Whau local board area,4970,2023,55-59 Years,Gen X,False
Waitemata local board area,4520,2023,55-59 Years,Gen X,False
Waiheke local board area,820,2023,55-59 Years,Gen X,False
Aotea/Great Barrier local board area,90,2023,55-59 Years,Gen X,False
Waitakere Ranges local board area,3660,2023,55-59 Years,Gen X,False
Henderson-Massey local board area,6960,2023,55-59 Years,Gen X,False
Devonport-Takapuna local board area,4000,2023,55-59 Years,Gen X,False
Kaipatiki local board area,4720,2023,55-59 Years,Gen X,False
Upper Harbour local board area,4220,2023,55-59 Years,Gen X,False
Rodney local board area,5700,2023,55-59 Years,Gen X,False
Auckland,101120,2023,55-59 Years,Gen X,False
Kaipara district,1960,2023,55-59 Years,Gen X,False
Whangarei district,6680,2023,55-59 Years,Gen X,False
Far North district,5480,2023,55-59 Years,Gen X,False
"Total, New Zealand",317630,2023,55-59 Years,Gen X,False
Hibiscus and Bays local board area,7510,2023,55-59 Years,Gen X,False
Area outside territorial authority,5,2023,60-64 Years,Baby Boomer,False
Tararua district,1390,2023,60-64 Years,Baby Boomer,False
Palmerston North city,5030,2023,60-64 Years,Baby Boomer,False
Manawatu district,2340,2023,60-64 Years,Baby Boomer,False
Rangitikei district,1200,2023,60-64 Years,Baby Boomer,False
Whanganui district,3440,2023,60-64 Years,Baby Boomer,False
Ruapehu district,970,2023,60-64 Years,Baby Boomer,False
South Taranaki district,1910,2023,60-64 Years,Baby Boomer,False
Stratford district,710,2023,60-64 Years,Baby Boomer,False
New Plymouth district,5920,2023,60-64 Years,Baby Boomer,False
Central Hawke's Bay district,1250,2023,60-64 Years,Baby Boomer,False
Napier city,4340,2023,60-64 Years,Baby Boomer,False
Hastings district,5800,2023,60-64 Years,Baby Boomer,False
Wairoa district,620,2023,60-64 Years,Baby Boomer,False
Gisborne district,3250,2023,60-64 Years,Baby Boomer,False
Horowhenua district,2750,2023,60-64 Years,Baby Boomer,False
Opotiki district,840,2023,60-64 Years,Baby Boomer,False
Whakatane district,2700,2023,60-64 Years,Baby Boomer,False
Rotorua district,4690,2023,60-64 Years,Baby Boomer,False
Tauranga city,9100,2023,60-64 Years,Baby Boomer,False
Western Bay of Plenty district,4610,2023,60-64 Years,Baby Boomer,False
Taupo district,2880,2023,60-64 Years,Baby Boomer,False
Waitomo district,690,2023,60-64 Years,Baby Boomer,False
South Waikato district,1730,2023,60-64 Years,Baby Boomer,False
Otorohanga district,650,2023,60-64 Years,Baby Boomer,False
Waipa district,3880,2023,60-64 Years,Baby Boomer,False
Hamilton city,8220,2023,60-64 Years,Baby Boomer,False
Matamata-Piako district,2470,2023,60-64 Years,Baby Boomer,False
Waikato district,5570,2023,60-64 Years,Baby Boomer,False
Hauraki district,1720,2023,60-64 Years,Baby Boomer,False
Thames-Coromandel district,3060,2023,60-64 Years,Baby Boomer,False
Kawerau district,540,2023,60-64 Years,Baby Boomer,False
Franklin local board area,5700,2023,60-64 Years,Baby Boomer,False
Kapiti Coast district,4250,2023,60-64 Years,Baby Boomer,False
Upper Hutt city,3020,2023,60-64 Years,Baby Boomer,False
Invercargill city,3720,2023,60-64 Years,Baby Boomer,False
Gore district,960,2023,60-64 Years,Baby Boomer,False
Southland district,2310,2023,60-64 Years,Baby Boomer,False
Clutha district,1380,2023,60-64 Years,Baby Boomer,False
Dunedin city,8300,2023,60-64 Years,Baby Boomer,False
Queenstown-Lakes district,2440,2023,60-64 Years,Baby Boomer,False
Central Otago district,1990,2023,60-64 Years,Baby Boomer,False
Waitaki district,1840,2023,60-64 Years,Baby Boomer,False
Chatham Islands territory,65,2023,60-64 Years,Baby Boomer,False
Waimate district,650,2023,60-64 Years,Baby Boomer,False
Mackenzie district,420,2023,60-64 Years,Baby Boomer,False
Timaru district,3510,2023,60-64 Years,Baby Boomer,False
Ashburton district,2130,2023,60-64 Years,Baby Boomer,False
Porirua city,3260,2023,60-64 Years,Baby Boomer,False
Selwyn district,4690,2023,60-64 Years,Baby Boomer,False
Waimakariri district,4770,2023,60-64 Years,Baby Boomer,False
Hurunui district,1090,2023,60-64 Years,Baby Boomer,False
Westland district,750,2023,60-64 Years,Baby Boomer,False
Grey district,1090,2023,60-64 Years,Baby Boomer,False
Buller district,1050,2023,60-64 Years,Baby Boomer,False
Kaikoura district,350,2023,60-64 Years,Baby Boomer,False
Marlborough district,3880,2023,60-64 Years,Baby Boomer,False
Nelson city,3870,2023,60-64 Years,Baby Boomer,False
Tasman district,4520,2023,60-64 Years,Baby Boomer,False
South Wairarapa district,990,2023,60-64 Years,Baby Boomer,False
Carterton district,820,2023,60-64 Years,Baby Boomer,False
Masterton district,1880,2023,60-64 Years,Baby Boomer,False
Wellington city,11060,2023,60-64 Years,Baby Boomer,False
Lower Hutt city,6600,2023,60-64 Years,Baby Boomer,False
Christchurch city,23000,2023,60-64 Years,Baby Boomer,False
Papakura local board area,3330,2023,60-64 Years,Baby Boomer,False
Otara-Papatoetoe local board area,4120,2023,60-64 Years,Baby Boomer,False
Manurewa local board area,4810,2023,60-64 Years,Baby Boomer,False
Mangere-Otahuhu local board area,3960,2023,60-64 Years,Baby Boomer,False
Howick local board area,8550,2023,60-64 Years,Baby Boomer,False
Maungakiekie-Tamaki local board area,3870,2023,60-64 Years,Baby Boomer,False
Orakei local board area,5240,2023,60-64 Years,Baby Boomer,False
Puketapapa local board area,3520,2023,60-64 Years,Baby Boomer,False
Albert-Eden local board area,5080,2023,60-64 Years,Baby Boomer,False
Whau local board area,4200,2023,60-64 Years,Baby Boomer,False
Waitemata local board area,4130,2023,60-64 Years,Baby Boomer,False
Waiheke local board area,800,2023,60-64 Years,Baby Boomer,False
Aotea/Great Barrier local board area,120,2023,60-64 Years,Baby Boomer,False
Waitakere Ranges local board area,3320,2023,60-64 Years,Baby Boomer,False
Henderson-Massey local board area,6470,2023,60-64 Years,Baby Boomer,False
Devonport-Takapuna local board area,3400,2023,60-64 Years,Baby Boomer,False
Kaipatiki local board area,4510,2023,60-64 Years,Baby Boomer,False
Upper Harbour local board area,3910,2023,60-64 Years,Baby Boomer,False
Rodney local board area,5670,2023,60-64 Years,Baby Boomer,False
Auckland,91810,2023,60-64 Years,Baby Boomer,False
Kaipara district,2280,2023,60-64 Years,Baby Boomer,False
Whangarei district,7000,2023,60-64 Years,Baby Boomer,False
Far North district,5770,2023,60-64 Years,Baby Boomer,False
"Total, New Zealand",311780,2023,60-64 Years,Baby Boomer,False
Hibiscus and Bays local board area,7100,2023,60-64 Years,Baby Boomer,False
Mangere-Otahuhu local board area,2970,2023,65-69 Years,Baby Boomer,True
Tararua district,1240,2023,65-69 Years,Baby Boomer,True
Palmerston North city,4130,2023,65-69 Years,Baby Boomer,True
Manawatu district,1910,2023,65-69 Years,Baby Boomer,True
Rangitikei district,1020,2023,65-69 Years,Baby Boomer,True
Whanganui district,3170,2023,65-69 Years,Baby Boomer,True
Ruapehu district,910,2023,65-69 Years,Baby Boomer,True
South Taranaki district,1640,2023,65-69 Years,Baby Boomer,True
Stratford district,560,2023,65-69 Years,Baby Boomer,True
New Plymouth district,5180,2023,65-69 Years,Baby Boomer,True
Central Hawke's Bay district,1160,2023,65-69 Years,Baby Boomer,True
Napier city,3790,2023,65-69 Years,Baby Boomer,True
Hastings district,4710,2023,65-69 Years,Baby Boomer,True
Wairoa district,650,2023,65-69 Years,Baby Boomer,True
Gisborne district,2900,2023,65-69 Years,Baby Boomer,True
Horowhenua district,2560,2023,65-69 Years,Baby Boomer,True
Opotiki district,720,2023,65-69 Years,Baby Boomer,True
Whakatane district,2450,2023,65-69 Years,Baby Boomer,True
Rotorua district,3800,2023,65-69 Years,Baby Boomer,True
Tauranga city,8250,2023,65-69 Years,Baby Boomer,True
Western Bay of Plenty district,4370,2023,65-69 Years,Baby Boomer,True
Taupo district,2650,2023,65-69 Years,Baby Boomer,True
Waitomo district,570,2023,65-69 Years,Baby Boomer,True
South Waikato district,1450,2023,65-69 Years,Baby Boomer,True
Otorohanga district,600,2023,65-69 Years,Baby Boomer,True
Waipa district,3250,2023,65-69 Years,Baby Boomer,True
Hamilton city,6960,2023,65-69 Years,Baby Boomer,True
Matamata-Piako district,2270,2023,65-69 Years,Baby Boomer,True
Waikato district,4450,2023,65-69 Years,Baby Boomer,True
Hauraki district,1810,2023,65-69 Years,Baby Boomer,True
Thames-Coromandel district,3310,2023,65-69 Years,Baby Boomer,True
Kawerau district,480,2023,65-69 Years,Baby Boomer,True
Franklin local board area,4490,2023,65-69 Years,Baby Boomer,True
Kapiti Coast district,3860,2023,65-69 Years,Baby Boomer,True
Upper Hutt city,2250,2023,65-69 Years,Baby Boomer,True
Invercargill city,3140,2023,65-69 Years,Baby Boomer,True
Gore district,820,2023,65-69 Years,Baby Boomer,True
Southland district,2030,2023,65-69 Years,Baby Boomer,True
Clutha district,1190,2023,65-69 Years,Baby Boomer,True
Dunedin city,7080,2023,65-69 Years,Baby Boomer,True
Queenstown-Lakes district,2070,2023,65-69 Years,Baby Boomer,True
Central Otago district,1930,2023,65-69 Years,Baby Boomer,True
Waitaki district,1650,2023,65-69 Years,Baby Boomer,True
Chatham Islands territory,50,2023,65-69 Years,Baby Boomer,True
Waimate district,590,2023,65-69 Years,Baby Boomer,True
Mackenzie district,360,2023,65-69 Years,Baby Boomer,True
Timaru district,3070,2023,65-69 Years,Baby Boomer,True
Ashburton district,1930,2023,65-69 Years,Baby Boomer,True
Porirua city,2720,2023,65-69 Years,Baby Boomer,True
Selwyn district,3910,2023,65-69 Years,Baby Boomer,True
Waimakariri district,4240,2023,65-69 Years,Baby Boomer,True
Hurunui district,1030,2023,65-69 Years,Baby Boomer,True
Westland district,630,2023,65-69 Years,Baby Boomer,True
Grey district,960,2023,65-69 Years,Baby Boomer,True
Buller district,930,2023,65-69 Years,Baby Boomer,True
Kaikoura district,390,2023,65-69 Years,Baby Boomer,True
Marlborough district,3510,2023,65-69 Years,Baby Boomer,True
Nelson city,3380,2023,65-69 Years,Baby Boomer,True
Tasman district,4250,2023,65-69 Years,Baby Boomer,True
South Wairarapa district,890,2023,65-69 Years,Baby Boomer,True
Carterton district,760,2023,65-69 Years,Baby Boomer,True
Masterton district,1950,2023,65-69 Years,Baby Boomer,True
Wellington city,7830,2023,65-69 Years,Baby Boomer,True
Lower Hutt city,5290,2023,65-69 Years,Baby Boomer,True
Christchurch city,18690,2023,65-69 Years,Baby Boomer,True
Papakura local board area,2450,2023,65-69 Years,Baby Boomer,True
Otara-Papatoetoe local board area,3160,2023,65-69 Years,Baby Boomer,True
Manurewa local board area,3520,2023,65-69 Years,Baby Boomer,True
Howick local board area,7470,2023,65-69 Years,Baby Boomer,True
Maungakiekie-Tamaki local board area,3090,2023,65-69 Years,Baby Boomer,True
Orakei local board area,4480,2023,65-69 Years,Baby Boomer,True
Puketapapa local board area,2720,2023,65-69 Years,Baby Boomer,True
Albert-Eden local board area,3920,2023,65-69 Years,Baby Boomer,True
Whau local board area,3450,2023,65-69 Years,Baby Boomer,True
Waitemata local board area,3170,2023,65-69 Years,Baby Boomer,True
Waiheke local board area,670,2023,65-69 Years,Baby Boomer,True
Aotea/Great Barrier local board area,100,2023,65-69 Years,Baby Boomer,True
Waitakere Ranges local board area,2440,2023,65-69 Years,Baby Boomer,True
Henderson-Massey local board area,4800,2023,65-69 Years,Baby Boomer,True
Devonport-Takapuna local board area,3070,2023,65-69 Years,Baby Boomer,True
Kaipatiki local board area,3580,2023,65-69 Years,Baby Boomer,True
Upper Harbour local board area,3520,2023,65-69 Years,Baby Boomer,True
Hibiscus and Bays local board area,6280,2023,65-69 Years,Baby Boomer,True
Auckland,73790,2023,65-69 Years,Baby Boomer,True
Kaipara district,2200,2023,65-69 Years,Baby Boomer,True
Whangarei district,6320,2023,65-69 Years,Baby Boomer,True
Far North district,5190,2023,65-69 Years,Baby Boomer,True
"Total, New Zealand",263760,2023,65-69 Years,Baby Boomer,True
Rodney local board area,4440,2023,65-69 Years,Baby Boomer,True
Area outside territorial authority,0,2023,65-69 Years,Baby Boomer,True
Tararua district,1100,2023,70-74 Years,Baby Boomer,True
Palmerston North city,3630,2023,70-74 Years,Baby Boomer,True
Manawatu district,1760,2023,70-74 Years,Baby Boomer,True
Rangitikei district,860,2023,70-74 Years,Baby Boomer,True
Whanganui district,2800,2023,70-74 Years,Baby Boomer,True
Ruapehu district,720,2023,70-74 Years,Baby Boomer,True
South Taranaki district,1340,2023,70-74 Years,Baby Boomer,True
Stratford district,530,2023,70-74 Years,Baby Boomer,True
New Plymouth district,4350,2023,70-74 Years,Baby Boomer,True
Central Hawke's Bay district,950,2023,70-74 Years,Baby Boomer,True
Napier city,3710,2023,70-74 Years,Baby Boomer,True
Hastings district,4110,2023,70-74 Years,Baby Boomer,True
Wairoa district,470,2023,70-74 Years,Baby Boomer,True
Gisborne district,2330,2023,70-74 Years,Baby Boomer,True
Horowhenua district,2390,2023,70-74 Years,Baby Boomer,True
Opotiki district,540,2023,70-74 Years,Baby Boomer,True
Whakatane district,2020,2023,70-74 Years,Baby Boomer,True
Rotorua district,3100,2023,70-74 Years,Baby Boomer,True
Tauranga city,7840,2023,70-74 Years,Baby Boomer,True
Western Bay of Plenty district,3700,2023,70-74 Years,Baby Boomer,True
Taupo district,2550,2023,70-74 Years,Baby Boomer,True
Waitomo district,460,2023,70-74 Years,Baby Boomer,True
South Waikato district,1120,2023,70-74 Years,Baby Boomer,True
Otorohanga district,480,2023,70-74 Years,Baby Boomer,True
Waipa district,2930,2023,70-74 Years,Baby Boomer,True
Hamilton city,5560,2023,70-74 Years,Baby Boomer,True
Matamata-Piako district,2090,2023,70-74 Years,Baby Boomer,True
Waikato district,3440,2023,70-74 Years,Baby Boomer,True
Hauraki district,1500,2023,70-74 Years,Baby Boomer,True
Thames-Coromandel district,3380,2023,70-74 Years,Baby Boomer,True
Kawerau district,460,2023,70-74 Years,Baby Boomer,True
Franklin local board area,3710,2023,70-74 Years,Baby Boomer,True
Kapiti Coast district,3750,2023,70-74 Years,Baby Boomer,True
Upper Hutt city,1780,2023,70-74 Years,Baby Boomer,True
Area outside territorial authority,5,2023,70-74 Years,Baby Boomer,True
Invercargill city,2680,2023,70-74 Years,Baby Boomer,True
Gore district,640,2023,70-74 Years,Baby Boomer,True
Southland district,1520,2023,70-74 Years,Baby Boomer,True
Clutha district,950,2023,70-74 Years,Baby Boomer,True
Dunedin city,6030,2023,70-74 Years,Baby Boomer,True
Queenstown-Lakes district,1560,2023,70-74 Years,Baby Boomer,True
Central Otago district,1660,2023,70-74 Years,Baby Boomer,True
Waitaki district,1500,2023,70-74 Years,Baby Boomer,True
Chatham Islands territory,35,2023,70-74 Years,Baby Boomer,True
Waimate district,510,2023,70-74 Years,Baby Boomer,True
Mackenzie district,310,2023,70-74 Years,Baby Boomer,True
Timaru district,2960,2023,70-74 Years,Baby Boomer,True
Ashburton district,1760,2023,70-74 Years,Baby Boomer,True
Porirua city,2140,2023,70-74 Years,Baby Boomer,True
Selwyn district,2920,2023,70-74 Years,Baby Boomer,True
Waimakariri district,4030,2023,70-74 Years,Baby Boomer,True
Hurunui district,820,2023,70-74 Years,Baby Boomer,True
Westland district,510,2023,70-74 Years,Baby Boomer,True
Grey district,790,2023,70-74 Years,Baby Boomer,True
Buller district,860,2023,70-74 Years,Baby Boomer,True
Kaikoura district,270,2023,70-74 Years,Baby Boomer,True
Marlborough district,3250,2023,70-74 Years,Baby Boomer,True
Nelson city,2960,2023,70-74 Years,Baby Boomer,True
Tasman district,3840,2023,70-74 Years,Baby Boomer,True
South Wairarapa district,810,2023,70-74 Years,Baby Boomer,True
Carterton district,700,2023,70-74 Years,Baby Boomer,True
Masterton district,1680,2023,70-74 Years,Baby Boomer,True
Wellington city,6400,2023,70-74 Years,Baby Boomer,True
Lower Hutt city,4050,2023,70-74 Years,Baby Boomer,True
Christchurch city,15580,2023,70-74 Years,Baby Boomer,True
Papakura local board area,1850,2023,70-74 Years,Baby Boomer,True
Otara-Papatoetoe local board area,2260,2023,70-74 Years,Baby Boomer,True
Manurewa local board area,2500,2023,70-74 Years,Baby Boomer,True
Mangere-Otahuhu local board area,2220,2023,70-74 Years,Baby Boomer,True
Howick local board area,5910,2023,70-74 Years,Baby Boomer,True
Maungakiekie-Tamaki local board area,2410,2023,70-74 Years,Baby Boomer,True
Orakei local board area,3810,2023,70-74 Years,Baby Boomer,True
Puketapapa local board area,2060,2023,70-74 Years,Baby Boomer,True
Albert-Eden local board area,3010,2023,70-74 Years,Baby Boomer,True
Whau local board area,2570,2023,70-74 Years,Baby Boomer,True
Waitemata local board area,2530,2023,70-74 Years,Baby Boomer,True
Waiheke local board area,700,2023,70-74 Years,Baby Boomer,True
Aotea/Great Barrier local board area,75,2023,70-74 Years,Baby Boomer,True
Waitakere Ranges local board area,1830,2023,70-74 Years,Baby Boomer,True
Henderson-Massey local board area,3530,2023,70-74 Years,Baby Boomer,True
Devonport-Takapuna local board area,2620,2023,70-74 Years,Baby Boomer,True
Kaipatiki local board area,2790,2023,70-74 Years,Baby Boomer,True
Upper Harbour local board area,2580,2023,70-74 Years,Baby Boomer,True
Rodney local board area,3750,2023,70-74 Years,Baby Boomer,True
Auckland,58110,2023,70-74 Years,Baby Boomer,True
Kaipara district,1910,2023,70-74 Years,Baby Boomer,True
Whangarei district,5420,2023,70-74 Years,Baby Boomer,True
Far North district,4510,2023,70-74 Years,Baby Boomer,True
"Total, New Zealand",221430,2023,70-74 Years,Baby Boomer,True
Hibiscus and Bays local board area,5420,2023,70-74 Years,Baby Boomer,True
Area outside territorial authority,5,2023,75-79 Years,Baby Boomer,True
Tararua district,760,2023,75-79 Years,Baby Boomer,True
Palmerston North city,2710,2023,75-79 Years,Baby Boomer,True
Manawatu district,1320,2023,75-79 Years,Baby Boomer,True
Rangitikei district,680,2023,75-79 Years,Baby Boomer,True
Whanganui district,2240,2023,75-79 Years,Baby Boomer,True
Ruapehu district,460,2023,75-79 Years,Baby Boomer,True
South Taranaki district,1040,2023,75-79 Years,Baby Boomer,True
Stratford district,390,2023,75-79 Years,Baby Boomer,True
New Plymouth district,3360,2023,75-79 Years,Baby Boomer,True
Central Hawke's Bay district,680,2023,75-79 Years,Baby Boomer,True
Napier city,3030,2023,75-79 Years,Baby Boomer,True
Hastings district,3400,2023,75-79 Years,Baby Boomer,True
Wairoa district,330,2023,75-79 Years,Baby Boomer,True
Gisborne district,1650,2023,75-79 Years,Baby Boomer,True
Horowhenua district,2140,2023,75-79 Years,Baby Boomer,True
Opotiki district,380,2023,75-79 Years,Baby Boomer,True
Whakatane district,1490,2023,75-79 Years,Baby Boomer,True
Rotorua district,2290,2023,75-79 Years,Baby Boomer,True
Tauranga city,7000,2023,75-79 Years,Baby Boomer,True
Western Bay of Plenty district,2840,2023,75-79 Years,Baby Boomer,True
Taupo district,1880,2023,75-79 Years,Baby Boomer,True
Waitomo district,330,2023,75-79 Years,Baby Boomer,True
South Waikato district,950,2023,75-79 Years,Baby Boomer,True
Otorohanga district,350,2023,75-79 Years,Baby Boomer,True
Waipa district,2510,2023,75-79 Years,Baby Boomer,True
Hamilton city,4490,2023,75-79 Years,Baby Boomer,True
Matamata-Piako district,1620,2023,75-79 Years,Baby Boomer,True
Waikato district,2380,2023,75-79 Years,Baby Boomer,True
Hauraki district,1260,2023,75-79 Years,Baby Boomer,True
Thames-Coromandel district,2500,2023,75-79 Years,Baby Boomer,True
Kawerau district,380,2023,75-79 Years,Baby Boomer,True
Franklin local board area,2820,2023,75-79 Years,Baby Boomer,True
Kapiti Coast district,3520,2023,75-79 Years,Baby Boomer,True
Upper Hutt city,1490,2023,75-79 Years,Baby Boomer,True
Invercargill city,2050,2023,75-79 Years,Baby Boomer,True
Gore district,570,2023,75-79 Years,Baby Boomer,True
Southland district,1120,2023,75-79 Years,Baby Boomer,True
Clutha district,730,2023,75-79 Years,Baby Boomer,True
Dunedin city,4680,2023,75-79 Years,Baby Boomer,True
Queenstown-Lakes district,1140,2023,75-79 Years,Baby Boomer,True
Central Otago district,1250,2023,75-79 Years,Baby Boomer,True
Waitaki district,1150,2023,75-79 Years,Baby Boomer,True
Chatham Islands territory,10,2023,75-79 Years,Baby Boomer,True
Waimate district,420,2023,75-79 Years,Baby Boomer,True
Mackenzie district,170,2023,75-79 Years,Baby Boomer,True
Timaru district,2230,2023,75-79 Years,Baby Boomer,True
Ashburton district,1440,2023,75-79 Years,Baby Boomer,True
Porirua city,1600,2023,75-79 Years,Baby Boomer,True
Selwyn district,1930,2023,75-79 Years,Baby Boomer,True
Waimakariri district,3240,2023,75-79 Years,Baby Boomer,True
Hurunui district,700,2023,75-79 Years,Baby Boomer,True
Westland district,390,2023,75-79 Years,Baby Boomer,True
Grey district,580,2023,75-79 Years,Baby Boomer,True
Buller district,570,2023,75-79 Years,Baby Boomer,True
Kaikoura district,220,2023,75-79 Years,Baby Boomer,True
Marlborough district,2680,2023,75-79 Years,Baby Boomer,True
Nelson city,2570,2023,75-79 Years,Baby Boomer,True
Tasman district,2890,2023,75-79 Years,Baby Boomer,True
South Wairarapa district,610,2023,75-79 Years,Baby Boomer,True
Carterton district,610,2023,75-79 Years,Baby Boomer,True
Masterton district,1290,2023,75-79 Years,Baby Boomer,True
Wellington city,4740,2023,75-79 Years,Baby Boomer,True
Lower Hutt city,3130,2023,75-79 Years,Baby Boomer,True
Christchurch city,12130,2023,75-79 Years,Baby Boomer,True
Papakura local board area,1480,2023,75-79 Years,Baby Boomer,True
Otara-Papatoetoe local board area,1490,2023,75-79 Years,Baby Boomer,True
Manurewa local board area,1810,2023,75-79 Years,Baby Boomer,True
Mangere-Otahuhu local board area,1510,2023,75-79 Years,Baby Boomer,True
Howick local board area,4450,2023,75-79 Years,Baby Boomer,True
Maungakiekie-Tamaki local board area,1720,2023,75-79 Years,Baby Boomer,True
Orakei local board area,3160,2023,75-79 Years,Baby Boomer,True
Puketapapa local board area,1490,2023,75-79 Years,Baby Boomer,True
Albert-Eden local board area,2250,2023,75-79 Years,Baby Boomer,True
Whau local board area,2030,2023,75-79 Years,Baby Boomer,True
Waitemata local board area,1770,2023,75-79 Years,Baby Boomer,True
Waiheke local board area,520,2023,75-79 Years,Baby Boomer,True
Aotea/Great Barrier local board area,55,2023,75-79 Years,Baby Boomer,True
Waitakere Ranges local board area,1290,2023,75-79 Years,Baby Boomer,True
Henderson-Massey local board area,2570,2023,75-79 Years,Baby Boomer,True
Devonport-Takapuna local board area,2270,2023,75-79 Years,Baby Boomer,True
Kaipatiki local board area,2260,2023,75-79 Years,Baby Boomer,True
Upper Harbour local board area,1990,2023,75-79 Years,Baby Boomer,True
Rodney local board area,2880,2023,75-79 Years,Baby Boomer,True
Auckland,44430,2023,75-79 Years,Baby Boomer,True
Kaipara district,1390,2023,75-79 Years,Baby Boomer,True
Whangarei district,4330,2023,75-79 Years,Baby Boomer,True
Far North district,3190,2023,75-79 Years,Baby Boomer,True
"Total, New Zealand",172040,2023,75-79 Years,Baby Boomer,True
Hibiscus and Bays local board area,4610,2023,75-79 Years,Baby Boomer,True
Mangere-Otahuhu local board area,980,2023,80-84 Years,Silent,True
Tararua district,450,2023,80-84 Years,Silent,True
Palmerston North city,1920,2023,80-84 Years,Silent,True
Manawatu district,850,2023,80-84 Years,Silent,True
Rangitikei district,430,2023,80-84 Years,Silent,True
Whanganui district,1430,2023,80-84 Years,Silent,True
Ruapehu district,260,2023,80-84 Years,Silent,True
South Taranaki district,650,2023,80-84 Years,Silent,True
Stratford district,230,2023,80-84 Years,Silent,True
New Plymouth district,2200,2023,80-84 Years,Silent,True
Central Hawke's Bay district,400,2023,80-84 Years,Silent,True
Napier city,1890,2023,80-84 Years,Silent,True
Hastings district,2170,2023,80-84 Years,Silent,True
Wairoa district,180,2023,80-84 Years,Silent,True
Gisborne district,1070,2023,80-84 Years,Silent,True
Horowhenua district,1300,2023,80-84 Years,Silent,True
Opotiki district,210,2023,80-84 Years,Silent,True
Whakatane district,940,2023,80-84 Years,Silent,True
Rotorua district,1510,2023,80-84 Years,Silent,True
Tauranga city,4880,2023,80-84 Years,Silent,True
Western Bay of Plenty district,1800,2023,80-84 Years,Silent,True
Taupo district,1140,2023,80-84 Years,Silent,True
Waitomo district,220,2023,80-84 Years,Silent,True
South Waikato district,580,2023,80-84 Years,Silent,True
Otorohanga district,230,2023,80-84 Years,Silent,True
Waipa district,1680,2023,80-84 Years,Silent,True
Hamilton city,2940,2023,80-84 Years,Silent,True
Matamata-Piako district,1190,2023,80-84 Years,Silent,True
Waikato district,1380,2023,80-84 Years,Silent,True
Hauraki district,760,2023,80-84 Years,Silent,True
Thames-Coromandel district,1430,2023,80-84 Years,Silent,True
Kawerau district,230,2023,80-84 Years,Silent,True
Franklin local board area,1880,2023,80-84 Years,Silent,True
Kapiti Coast district,2390,2023,80-84 Years,Silent,True
Upper Hutt city,1010,2023,80-84 Years,Silent,True
Invercargill city,1420,2023,80-84 Years,Silent,True
Gore district,400,2023,80-84 Years,Silent,True
Southland district,650,2023,80-84 Years,Silent,True
Clutha district,460,2023,80-84 Years,Silent,True
Dunedin city,3090,2023,80-84 Years,Silent,True
Queenstown-Lakes district,620,2023,80-84 Years,Silent,True
Central Otago district,750,2023,80-84 Years,Silent,True
Waitaki district,790,2023,80-84 Years,Silent,True
Chatham Islands territory,15,2023,80-84 Years,Silent,True
Waimate district,310,2023,80-84 Years,Silent,True
Mackenzie district,100,2023,80-84 Years,Silent,True
Timaru district,1530,2023,80-84 Years,Silent,True
Ashburton district,1000,2023,80-84 Years,Silent,True
Porirua city,1010,2023,80-84 Years,Silent,True
Selwyn district,1040,2023,80-84 Years,Silent,True
Waimakariri district,1900,2023,80-84 Years,Silent,True
Hurunui district,380,2023,80-84 Years,Silent,True
Westland district,230,2023,80-84 Years,Silent,True
Grey district,340,2023,80-84 Years,Silent,True
Buller district,320,2023,80-84 Years,Silent,True
Kaikoura district,130,2023,80-84 Years,Silent,True
Marlborough district,1670,2023,80-84 Years,Silent,True
Nelson city,1580,2023,80-84 Years,Silent,True
Tasman district,1730,2023,80-84 Years,Silent,True
South Wairarapa district,360,2023,80-84 Years,Silent,True
Carterton district,330,2023,80-84 Years,Silent,True
Masterton district,890,2023,80-84 Years,Silent,True
Wellington city,2980,2023,80-84 Years,Silent,True
Lower Hutt city,2240,2023,80-84 Years,Silent,True
Christchurch city,8270,2023,80-84 Years,Silent,True
Area outside territorial authority,0,2023,80-84 Years,Silent,True
Papakura local board area,880,2023,80-84 Years,Silent,True
Otara-Papatoetoe local board area,910,2023,80-84 Years,Silent,True
Manurewa local board area,1190,2023,80-84 Years,Silent,True
Howick local board area,3010,2023,80-84 Years,Silent,True
Maungakiekie-Tamaki local board area,1360,2023,80-84 Years,Silent,True
Orakei local board area,2040,2023,80-84 Years,Silent,True
Puketapapa local board area,1270,2023,80-84 Years,Silent,True
Albert-Eden local board area,1530,2023,80-84 Years,Silent,True
Whau local board area,1480,2023,80-84 Years,Silent,True
Waitemata local board area,1010,2023,80-84 Years,Silent,True
Waiheke local board area,260,2023,80-84 Years,Silent,True
Aotea/Great Barrier local board area,30,2023,80-84 Years,Silent,True
Waitakere Ranges local board area,700,2023,80-84 Years,Silent,True
Henderson-Massey local board area,1650,2023,80-84 Years,Silent,True
Devonport-Takapuna local board area,1560,2023,80-84 Years,Silent,True
Kaipatiki local board area,1690,2023,80-84 Years,Silent,True
Upper Harbour local board area,1420,2023,80-84 Years,Silent,True
Hibiscus and Bays local board area,3150,2023,80-84 Years,Silent,True
Auckland,29700,2023,80-84 Years,Silent,True
Kaipara district,770,2023,80-84 Years,Silent,True
Whangarei district,2870,2023,80-84 Years,Silent,True
Far North district,1650,2023,80-84 Years,Silent,True
"Total, New Zealand",111510,2023,80-84 Years,Silent,True
Rodney local board area,1710,2023,80-84 Years,Silent,True
Area outside territorial authority,0,2023,85-89 Years,Silent,True
Tararua district,230,2023,85-89 Years,Silent,True
Palmerston North city,1040,2023,85-89 Years,Silent,True
Manawatu district,460,2023,85-89 Years,Silent,True
Rangitikei district,230,2023,85-89 Years,Silent,True
Whanganui district,750,2023,85-89 Years,Silent,True
Ruapehu district,110,2023,85-89 Years,Silent,True
South Taranaki district,330,2023,85-89 Years,Silent,True
Stratford district,170,2023,85-89 Years,Silent,True
New Plymouth district,1310,2023,85-89 Years,Silent,True
Central Hawke's Bay district,190,2023,85-89 Years,Silent,True
Napier city,1020,2023,85-89 Years,Silent,True
Hastings district,1130,2023,85-89 Years,Silent,True
Wairoa district,80,2023,85-89 Years,Silent,True
Gisborne district,570,2023,85-89 Years,Silent,True
Horowhenua district,690,2023,85-89 Years,Silent,True
Opotiki district,90,2023,85-89 Years,Silent,True
Whakatane district,420,2023,85-89 Years,Silent,True
Rotorua district,770,2023,85-89 Years,Silent,True
Tauranga city,2700,2023,85-89 Years,Silent,True
Western Bay of Plenty district,900,2023,85-89 Years,Silent,True
Taupo district,560,2023,85-89 Years,Silent,True
Waitomo district,110,2023,85-89 Years,Silent,True
South Waikato district,340,2023,85-89 Years,Silent,True
Otorohanga district,120,2023,85-89 Years,Silent,True
Waipa district,950,2023,85-89 Years,Silent,True
Hamilton city,1570,2023,85-89 Years,Silent,True
Matamata-Piako district,700,2023,85-89 Years,Silent,True
Waikato district,620,2023,85-89 Years,Silent,True
Hauraki district,360,2023,85-89 Years,Silent,True
Thames-Coromandel district,660,2023,85-89 Years,Silent,True
Kawerau district,110,2023,85-89 Years,Silent,True
Franklin local board area,970,2023,85-89 Years,Silent,True
Kapiti Coast district,1390,2023,85-89 Years,Silent,True
Upper Hutt city,570,2023,85-89 Years,Silent,True
Invercargill city,900,2023,85-89 Years,Silent,True
Gore district,230,2023,85-89 Years,Silent,True
Southland district,280,2023,85-89 Years,Silent,True
Clutha district,220,2023,85-89 Years,Silent,True
Dunedin city,1810,2023,85-89 Years,Silent,True
Queenstown-Lakes district,290,2023,85-89 Years,Silent,True
Central Otago district,370,2023,85-89 Years,Silent,True
Waitaki district,380,2023,85-89 Years,Silent,True
Chatham Islands territory,5,2023,85-89 Years,Silent,True
Waimate district,130,2023,85-89 Years,Silent,True
Mackenzie district,50,2023,85-89 Years,Silent,True
Timaru district,890,2023,85-89 Years,Silent,True
Ashburton district,510,2023,85-89 Years,Silent,True
Porirua city,460,2023,85-89 Years,Silent,True
Selwyn district,460,2023,85-89 Years,Silent,True
Waimakariri district,980,2023,85-89 Years,Silent,True
Hurunui district,200,2023,85-89 Years,Silent,True
Westland district,90,2023,85-89 Years,Silent,True
Grey district,200,2023,85-89 Years,Silent,True
Buller district,170,2023,85-89 Years,Silent,True
Kaikoura district,50,2023,85-89 Years,Silent,True
Marlborough district,800,2023,85-89 Years,Silent,True
Nelson city,860,2023,85-89 Years,Silent,True
Tasman district,910,2023,85-89 Years,Silent,True
South Wairarapa district,170,2023,85-89 Years,Silent,True
Carterton district,140,2023,85-89 Years,Silent,True
Masterton district,490,2023,85-89 Years,Silent,True
Wellington city,1610,2023,85-89 Years,Silent,True
Lower Hutt city,1120,2023,85-89 Years,Silent,True
Christchurch city,4960,2023,85-89 Years,Silent,True
Papakura local board area,490,2023,85-89 Years,Silent,True
Otara-Papatoetoe local board area,440,2023,85-89 Years,Silent,True
Manurewa local board area,620,2023,85-89 Years,Silent,True
Mangere-Otahuhu local board area,420,2023,85-89 Years,Silent,True
Howick local board area,1720,2023,85-89 Years,Silent,True
Maungakiekie-Tamaki local board area,750,2023,85-89 Years,Silent,True
Orakei local board area,1160,2023,85-89 Years,Silent,True
Puketapapa local board area,690,2023,85-89 Years,Silent,True
Albert-Eden local board area,830,2023,85-89 Years,Silent,True
Whau local board area,970,2023,85-89 Years,Silent,True
Waitemata local board area,410,2023,85-89 Years,Silent,True
Waiheke local board area,90,2023,85-89 Years,Silent,True
Aotea/Great Barrier local board area,15,2023,85-89 Years,Silent,True
Waitakere Ranges local board area,290,2023,85-89 Years,Silent,True
Henderson-Massey local board area,1140,2023,85-89 Years,Silent,True
Devonport-Takapuna local board area,880,2023,85-89 Years,Silent,True
Kaipatiki local board area,930,2023,85-89 Years,Silent,True
Upper Harbour local board area,890,2023,85-89 Years,Silent,True
Rodney local board area,920,2023,85-89 Years,Silent,True
Auckland,16380,2023,85-89 Years,Silent,True
Kaipara district,350,2023,85-89 Years,Silent,True
Whangarei district,1370,2023,85-89 Years,Silent,True
Far North district,870,2023,85-89 Years,Silent,True
"Total, New Zealand",59940,2023,85-89 Years,Silent,True
Hibiscus and Bays local board area,1730,2023,85-89 Years,Silent,True
Gore district,160,2023,90 Years and over,Silent,True
Manawatu district,280,2023,90 Years and over,Silent,True
Rangitikei district,110,2023,90 Years and over,Silent,True
Whanganui district,430,2023,90 Years and over,Silent,True
Ruapehu district,50,2023,90 Years and over,Silent,True
South Taranaki district,160,2023,90 Years and over,Silent,True
Stratford district,110,2023,90 Years and over,Silent,True
New Plymouth district,820,2023,90 Years and over,Silent,True
Central Hawke's Bay district,140,2023,90 Years and over,Silent,True
Napier city,650,2023,90 Years and over,Silent,True
Hastings district,600,2023,90 Years and over,Silent,True
Wairoa district,50,2023,90 Years and over,Silent,True
Gisborne district,340,2023,90 Years and over,Silent,True
Opotiki district,50,2023,90 Years and over,Silent,True
Kawerau district,70,2023,90 Years and over,Silent,True
Palmerston North city,550,2023,90 Years and over,Silent,True
Whakatane district,210,2023,90 Years and over,Silent,True
Tauranga city,1600,2023,90 Years and over,Silent,True
Western Bay of Plenty district,470,2023,90 Years and over,Silent,True
Taupo district,290,2023,90 Years and over,Silent,True
Waitomo district,60,2023,90 Years and over,Silent,True
South Waikato district,180,2023,90 Years and over,Silent,True
Otorohanga district,70,2023,90 Years and over,Silent,True
Waipa district,560,2023,90 Years and over,Silent,True
Hamilton city,1020,2023,90 Years and over,Silent,True
Matamata-Piako district,370,2023,90 Years and over,Silent,True
Waikato district,420,2023,90 Years and over,Silent,True
Hauraki district,160,2023,90 Years and over,Silent,True
Thames-Coromandel district,400,2023,90 Years and over,Silent,True
Franklin local board area,440,2023,90 Years and over,Silent,True
Papakura local board area,340,2023,90 Years and over,Silent,True
Rotorua district,450,2023,90 Years and over,Silent,True
Manurewa local board area,300,2023,90 Years and over,Silent,True
Tararua district,160,2023,90 Years and over,Silent,True
Kapiti Coast district,740,2023,90 Years and over,Silent,True
Southland district,200,2023,90 Years and over,Silent,True
Clutha district,160,2023,90 Years and over,Silent,True
Dunedin city,1050,2023,90 Years and over,Silent,True
Queenstown-Lakes district,120,2023,90 Years and over,Silent,True
Central Otago district,220,2023,90 Years and over,Silent,True
Waitaki district,240,2023,90 Years and over,Silent,True
Chatham Islands territory,0,2023,90 Years and over,Silent,True
Waimate district,90,2023,90 Years and over,Silent,True
Mackenzie district,20,2023,90 Years and over,Silent,True
Timaru district,470,2023,90 Years and over,Silent,True
Ashburton district,300,2023,90 Years and over,Silent,True
Selwyn district,230,2023,90 Years and over,Silent,True
Christchurch city,3200,2023,90 Years and over,Silent,True
Horowhenua district,390,2023,90 Years and over,Silent,True
Waimakariri district,460,2023,90 Years and over,Silent,True
Westland district,60,2023,90 Years and over,Silent,True
Grey district,100,2023,90 Years and over,Silent,True
Buller district,80,2023,90 Years and over,Silent,True
Kaikoura district,30,2023,90 Years and over,Silent,True
Marlborough district,430,2023,90 Years and over,Silent,True
Nelson city,460,2023,90 Years and over,Silent,True
Tasman district,470,2023,90 Years and over,Silent,True
South Wairarapa district,80,2023,90 Years and over,Silent,True
Carterton district,70,2023,90 Years and over,Silent,True
Masterton district,320,2023,90 Years and over,Silent,True
Wellington city,940,2023,90 Years and over,Silent,True
Lower Hutt city,660,2023,90 Years and over,Silent,True
Upper Hutt city,370,2023,90 Years and over,Silent,True
Porirua city,300,2023,90 Years and over,Silent,True
Hurunui district,90,2023,90 Years and over,Silent,True
Otara-Papatoetoe local board area,200,2023,90 Years and over,Silent,True
Howick local board area,990,2023,90 Years and over,Silent,True
Mangere-Otahuhu local board area,230,2023,90 Years and over,Silent,True
Maungakiekie-Tamaki local board area,500,2023,90 Years and over,Silent,True
Orakei local board area,890,2023,90 Years and over,Silent,True
Puketapapa local board area,340,2023,90 Years and over,Silent,True
Albert-Eden local board area,630,2023,90 Years and over,Silent,True
Whau local board area,630,2023,90 Years and over,Silent,True
Waitemata local board area,210,2023,90 Years and over,Silent,True
Waiheke local board area,30,2023,90 Years and over,Silent,True
Aotea/Great Barrier local board area,5,2023,90 Years and over,Silent,True
Waitakere Ranges local board area,180,2023,90 Years and over,Silent,True
Henderson-Massey local board area,650,2023,90 Years and over,Silent,True
Devonport-Takapuna local board area,570,2023,90 Years and over,Silent,True
Kaipatiki local board area,520,2023,90 Years and over,Silent,True
Upper Harbour local board area,600,2023,90 Years and over,Silent,True
Hibiscus and Bays local board area,940,2023,90 Years and over,Silent,True
Rodney local board area,560,2023,90 Years and over,Silent,True
Kaipara district,180,2023,90 Years and over,Silent,True
Whangarei district,750,2023,90 Years and over,Silent,True
Far North district,370,2023,90 Years and over,Silent,True
"Total, New Zealand",34880,2023,90 Years and over,Silent,True
Auckland,9750,2023,90 Years and over,Silent,True
Invercargill city,490,2023,90 Years and over,Silent,True
Area outside territorial authority,0,2023,90 Years and over,Silent,True
